DEBIT	CREDIT	TRANSFERID	CREATEDDATE
1.05	0.02	1472712436	30-DEC-25
0.7	0	1478686187	30-DEC-25
0	1	1478686545	30-DEC-25
4.5	0	1478686583	30-DEC-25
0.02	1.05	1478686871	30-DEC-25
0.5	0	1478687619	30-DEC-25
10	0	1478687628	30-DEC-25
0.8	0	1478687736	30-DEC-25
0.5	0	1478687898	30-DEC-25
0.2	0	1478688080	30-DEC-25
0.5	0	1478688263	30-DEC-25
0.25	0	1478688692	30-DEC-25
0.02	0.55	1478689046	30-DEC-25
0	0.5	1478689118	30-DEC-25
0	0.5	1478689215	30-DEC-25
0.2	0	1478689258	30-DEC-25
0	0.5	1478689411	30-DEC-25
0	10	1478689529	30-DEC-25
0	0.2	1478689561	30-DEC-25
2	0	1478689913	30-DEC-25
0	0.5	1478689926	30-DEC-25
0.5	0	1478689966	30-DEC-25
0.02	0.3	1478690032	30-DEC-25
0.02	0.55	1478690177	30-DEC-25
0.3	0	1478690327	30-DEC-25
1	0	1478690545	30-DEC-25
0	0.5	1478690848	30-DEC-25
0.12	0	1478690885	30-DEC-25
0	0.5	1478690891	30-DEC-25
0	0.25	1478690990	30-DEC-25
0.02	0.525	1478692158	30-DEC-25
1.75	0	1478692444	30-DEC-25
0.02	0.55	1478692538	30-DEC-25
0.02	1.05	1478692556	30-DEC-25
0.02	0.55	1478692727	30-DEC-25
0	0.5	1478692758	30-DEC-25
0.02	0.55	1478693035	30-DEC-25
0.02	1.05	1478693450	30-DEC-25
1.5	0	1478693515	30-DEC-25
0	0.5	1478693564	30-DEC-25
0.5	0	1478693879	30-DEC-25
0.02	1.025	1478693920	30-DEC-25
0	0.5	1478693939	30-DEC-25
0.02	1.05	1478694084	30-DEC-25
0.02	0.55	1478694287	30-DEC-25
0.02	0.3	1478694361	30-DEC-25
0	0.5	1478694401	30-DEC-25
0	0.16	1478694465	30-DEC-25
0.02	4.1	1478694509	30-DEC-25
0	0.25	1478694715	30-DEC-25
0	0.5	1478694782	30-DEC-25
0.02	0.55	1478695108	30-DEC-25
0	0.25	1478695150	30-DEC-25
0.02	3.1	1478695252	30-DEC-25
0.7	0	1478695282	30-DEC-25
0.02	2.1	1478695356	30-DEC-25
0	0.8	1478695439	30-DEC-25
0	3	1478696024	30-DEC-25
0.4	0	1478696209	30-DEC-25
0.02	1.05	1478696235	30-DEC-25
0.3	0	1478696236	30-DEC-25
0.5	0	1478696821	30-DEC-25
1	0	1478696988	30-DEC-25
0	25	1478697062	30-DEC-25
0.5	0	1478697104	30-DEC-25
0.5	0	1478697390	30-DEC-25
0.02	3.1	1478697670	30-DEC-25
0.02	0.55	1478698551	30-DEC-25
0.5	0	1478698829	30-DEC-25
0.02	0.55	1478699076	30-DEC-25
0.1	0	1478699099	30-DEC-25
0.02	0.55	1478700418	30-DEC-25
0.5	0	1478700544	30-DEC-25
0.02	0.25	1478700662	30-DEC-25
0	1.85	1478700679	30-DEC-25
0.02	1.6	1478700700	30-DEC-25
0	0.5	1478700713	30-DEC-25
0.02	0.55	1478700823	30-DEC-25
1.5	0	1478701015	30-DEC-25
0	0.12	1478701221	30-DEC-25
2	0	1478701224	30-DEC-25
2.5	0	1478701267	30-DEC-25
1.5	0	1478701271	30-DEC-25
5	0	1478701508	30-DEC-25
0.02	2.1	1478701626	30-DEC-25
0	0.1	1478701654	30-DEC-25
2	0	1478701712	30-DEC-25
0.02	0.55	1478701958	30-DEC-25
5.5	0	1478701985	30-DEC-25
3	0	1478702029	30-DEC-25
3	0	1478702163	30-DEC-25
2	0	1478702544	30-DEC-25
0.02	1.22	1478702588	30-DEC-25
0.02	0.55	1478702845	30-DEC-25
0.02	0.55	1478703006	30-DEC-25
0.02	0.55	1478703198	30-DEC-25
2	0	1478703202	30-DEC-25
0.02	0.55	1478703248	30-DEC-25
0	0.5	1478703252	30-DEC-25
1	0	1478703319	30-DEC-25
0.02	0.55	1478703436	30-DEC-25
0.02	0.55	1478703474	30-DEC-25
0.5	0	1478703498	30-DEC-25
0	0.5	1478703505	30-DEC-25
0.02	0.55	1478703522	30-DEC-25
0.02	0.55	1478703547	30-DEC-25
0	0.4	1478703556	30-DEC-25
0.02	0.55	1478703733	30-DEC-25
0.6	0	1478703746	30-DEC-25
0.02	0.25	1478703752	30-DEC-25
0.02	0.3	1478703764	30-DEC-25
0.02	0.55	1478703900	30-DEC-25
0	0.5	1478703943	30-DEC-25
0.02	0.55	1478703958	30-DEC-25
0	0.2	1478704173	30-DEC-25
0.02	0.55	1478704179	30-DEC-25
0.02	1.05	1478704374	30-DEC-25
0.02	0.55	1478704413	30-DEC-25
0.02	0.8	1478704443	30-DEC-25
0.02	0.55	1478704512	30-DEC-25
0.02	0.55	1478704540	30-DEC-25
0	0.5	1478704697	30-DEC-25
0	0.5	1478704718	30-DEC-25
0	0.2	1478704738	30-DEC-25
0.02	0.55	1478704846	30-DEC-25
0	0.5	1478704854	30-DEC-25
0	0.5	1478704969	30-DEC-25
0.2	0	1478704970	30-DEC-25
0.02	0.55	1478705098	30-DEC-25
0.3	0	1478705158	30-DEC-25
0.3	0	1478705205	30-DEC-25
0.02	1.05	1478705371	30-DEC-25
0.02	1.05	1478705374	30-DEC-25
0.02	0.55	1478705413	30-DEC-25
0.02	0.55	1478705463	30-DEC-25
0	1	1478705514	30-DEC-25
0	0.5	1478705517	30-DEC-25
0	0.25	1478705650	30-DEC-25
0.02	0.55	1478705672	30-DEC-25
0.02	0.55	1478705826	30-DEC-25
2	0	1478706206	30-DEC-25
0.02	0.35	1478706264	30-DEC-25
0.02	0.55	1478706305	30-DEC-25
0.02	0.55	1478706392	30-DEC-25
0.02	0.55	1478706460	30-DEC-25
0.5	0	1478706632	30-DEC-25
0.02	0.55	1478706737	30-DEC-25
0	0.25	1478706767	30-DEC-25
0.02	0.55	1478706858	30-DEC-25
0.02	0.55	1478706968	30-DEC-25
0	0.12	1478707079	30-DEC-25
0.02	0.55	1478707155	30-DEC-25
0.02	0.55	1478707290	30-DEC-25
1.5	0	1478707312	30-DEC-25
0.02	0.55	1478707440	30-DEC-25
0.02	0.55	1478707466	30-DEC-25
0.02	0.55	1478707506	30-DEC-25
1	0	1478707649	30-DEC-25
0.3	0	1478708066	30-DEC-25
0.02	0.55	1478708239	30-DEC-25
0.02	0.3	1478708339	30-DEC-25
0.02	0.55	1478708367	30-DEC-25
0	0.12	1478708379	30-DEC-25
0.02	2.1	1478708430	30-DEC-25
2.5	0	1478708569	30-DEC-25
3	0	1478708625	30-DEC-25
0.02	0.3	1478708645	30-DEC-25
0	0.25	1478708710	30-DEC-25
3	0	1478708722	30-DEC-25
0.02	0.55	1478708766	30-DEC-25
0.02	0.55	1478708874	30-DEC-25
0.02	0.55	1478708888	30-DEC-25
0.02	0.55	1478708905	30-DEC-25
0.85	0	1478708953	30-DEC-25
0	0.5	1478709141	30-DEC-25
0.02	0.55	1478709158	30-DEC-25
0.02	0.55	1478709184	30-DEC-25
0.02	0.55	1478709215	30-DEC-25
0	0.5	1478709320	30-DEC-25
0.02	0.35	1478709413	30-DEC-25
0	0.5	1478709576	30-DEC-25
0.02	0.55	1478709580	30-DEC-25
0.02	0.55	1478709663	30-DEC-25
0	0.5	1478709722	30-DEC-25
0.02	0.55	1478709767	30-DEC-25
0.02	0.55	1478709898	30-DEC-25
0	0.5	1478710009	30-DEC-25
0	0.5	1478710057	30-DEC-25
0.1	0	1478710071	30-DEC-25
0.02	0.55	1478710081	30-DEC-25
0	0.5	1478710111	30-DEC-25
0.02	0.55	1478710142	30-DEC-25
0.02	0.55	1478710209	30-DEC-25
0	0.5	1478710264	30-DEC-25
0.02	0.55	1478710313	30-DEC-25
0.02	0.55	1478710347	30-DEC-25
0	0.5	1478710385	30-DEC-25
0.02	0.55	1478710591	30-DEC-25
0.02	0.55	1478710650	30-DEC-25
0.02	0.55	1478710809	30-DEC-25
0	0.5	1478710880	30-DEC-25
0.02	2.1	1478710976	30-DEC-25
1.1	0	1478710991	30-DEC-25
0.02	0.35	1478711087	30-DEC-25
0	0.5	1478711111	30-DEC-25
0	0.25	1478711122	30-DEC-25
0.02	0.55	1478711227	30-DEC-25
0.02	0.55	1478711314	30-DEC-25
0	0.25	1478711451	30-DEC-25
0.02	0.55	1478711501	30-DEC-25
0.02	0.55	1478711523	30-DEC-25
0.02	0.55	1478711603	30-DEC-25
0.02	0.55	1478711735	30-DEC-25
0	0.5	1478711788	30-DEC-25
0.3	0	1478712032	30-DEC-25
0	0.5	1478712041	30-DEC-25
0.02	0.25	1478712056	30-DEC-25
0.02	0.55	1478712100	30-DEC-25
0	0.12	1478712133	30-DEC-25
0.02	0.55	1478712190	30-DEC-25
0.02	0.55	1478712198	30-DEC-25
0.02	0.65	1478712229	30-DEC-25
0.02	0.55	1478712240	30-DEC-25
0	0.37	1478712278	30-DEC-25
0	0.25	1478712689	30-DEC-25
0	0.5	1478712818	30-DEC-25
2	0	1478712892	30-DEC-25
0.02	0.55	1478712916	30-DEC-25
0	0.5	1478713058	30-DEC-25
0.02	0.45	1478713061	30-DEC-25
0	0.3	1478713067	30-DEC-25
0.02	0.55	1478713160	30-DEC-25
0.02	0.55	1478713260	30-DEC-25
0.02	0.55	1478713355	30-DEC-25
3	0	1478713395	30-DEC-25
0	0.5	1478713450	30-DEC-25
0.1	0	1478713454	30-DEC-25
0	0.5	1478713538	30-DEC-25
0.02	1.05	1478713548	30-DEC-25
0	0.25	1478713755	30-DEC-25
0.02	0.55	1478713900	30-DEC-25
0	0.5	1478713996	30-DEC-25
0.02	1.05	1478714036	30-DEC-25
0	0.12	1478714094	30-DEC-25
0.05	0	1478714111	30-DEC-25
0	0.5	1478714113	30-DEC-25
0.02	0.55	1478714137	30-DEC-25
0	0.5	1478714154	30-DEC-25
0.02	0.55	1478714220	30-DEC-25
0.02	0.55	1478714275	30-DEC-25
0.02	0.55	1478714329	30-DEC-25
0.02	0.55	1478714422	30-DEC-25
0.02	0.55	1478714424	30-DEC-25
0.02	2.1	1478714425	30-DEC-25
0.02	0.55	1478714438	30-DEC-25
0	0.5	1478714548	30-DEC-25
0.02	0.55	1478714587	30-DEC-25
0.02	0.55	1478714621	30-DEC-25
0.02	0.55	1478714798	30-DEC-25
0	0.5	1478714804	30-DEC-25
0.02	1.05	1478714835	30-DEC-25
0.02	0.55	1478714875	30-DEC-25
0.3	0	1478714882	30-DEC-25
0.02	0.55	1478714913	30-DEC-25
0.02	0.55	1478714950	30-DEC-25
0.02	0.55	1478715162	30-DEC-25
0.02	0.85	1478715334	30-DEC-25
0.02	1.05	1478715369	30-DEC-25
0.02	0.55	1478715401	30-DEC-25
0	0.12	1478715476	30-DEC-25
0.02	0.55	1478715543	30-DEC-25
0	0.5	1478715545	30-DEC-25
0.02	0.55	1478715657	30-DEC-25
0.6	0	1478715684	30-DEC-25
0	0.5	1478715694	30-DEC-25
0.02	0.55	1478715737	30-DEC-25
0.02	0.55	1478715793	30-DEC-25
0	0.2	1478715799	30-DEC-25
23	0	1478715940	30-DEC-25
0	0.5	1478715961	30-DEC-25
0.02	0.55	1478716248	30-DEC-25
0	0.5	1478716314	30-DEC-25
0	0.5	1478716452	30-DEC-25
2	0	1478716527	30-DEC-25
0	0.5	1478716579	30-DEC-25
0	0.25	1478716663	30-DEC-25
0.02	0.55	1478716777	30-DEC-25
0	0.5	1478716855	30-DEC-25
0	0.25	1478716949	30-DEC-25
0.02	0.25	1478717123	30-DEC-25
0.02	0.55	1478717243	30-DEC-25
0.02	0.3	1478717304	30-DEC-25
0	0.5	1478717361	30-DEC-25
0	0.5	1478717585	30-DEC-25
0.02	0.65	1478717743	30-DEC-25
0.02	0.55	1478717756	30-DEC-25
0	0.25	1478717832	30-DEC-25
0	0.5	1478717859	30-DEC-25
0.02	0.55	1478717872	30-DEC-25
0.2	0	1478717985	30-DEC-25
0.02	0.55	1478718040	30-DEC-25
0.16	0	1478718063	30-DEC-25
0.02	0.55	1478718110	30-DEC-25
0.02	0.55	1478718182	30-DEC-25
0.02	0.55	1478718254	30-DEC-25
0.02	0.55	1478718454	30-DEC-25
0.5	0	1478718503	30-DEC-25
0.02	1.05	1478718581	30-DEC-25
0	0.5	1478718585	30-DEC-25
0.02	0.55	1478718694	30-DEC-25
0.02	0.55	1478718715	30-DEC-25
0	0.12	1478718841	30-DEC-25
0.02	0.55	1478719001	30-DEC-25
0	0.25	1478719120	30-DEC-25
0.02	0.55	1478719131	30-DEC-25
0	0.5	1478719244	30-DEC-25
0.02	0.55	1478719322	30-DEC-25
0.02	2.1	1478719442	30-DEC-25
0.02	0.55	1478719883	30-DEC-25
0.02	0.55	1478719940	30-DEC-25
0	0.5	1478720002	30-DEC-25
0.02	0.55	1478720091	30-DEC-25
0.02	0.55	1478720130	30-DEC-25
0.02	1.05	1478720204	30-DEC-25
0	0.12	1478720233	30-DEC-25
0	1	1478720248	30-DEC-25
0.1	0	1478720498	30-DEC-25
0	0.5	1478720513	30-DEC-25
0	0.5	1478720539	30-DEC-25
0.02	0.55	1478720637	30-DEC-25
0	0.5	1478720666	30-DEC-25
0.02	0.55	1478720681	30-DEC-25
0	0.12	1478720725	30-DEC-25
0.02	0.55	1478720729	30-DEC-25
0	0.5	1478720739	30-DEC-25
0.1	0	1478720804	30-DEC-25
0.02	0.55	1478720867	30-DEC-25
1	0	1478720891	30-DEC-25
0	0.5	1478721055	30-DEC-25
0.02	0.55	1478721106	30-DEC-25
0	0.5	1478721139	30-DEC-25
0.1	0	1478721166	30-DEC-25
0.02	0.55	1478721173	30-DEC-25
0.02	0.55	1478721197	30-DEC-25
0.1	0	1478721213	30-DEC-25
0	0.5	1478721223	30-DEC-25
0.02	0.55	1478721229	30-DEC-25
0.1	0	1478721369	30-DEC-25
0	0.25	1478721406	30-DEC-25
0	0.25	1478721445	30-DEC-25
0.02	0.55	1478721479	30-DEC-25
0.02	0.55	1478721607	30-DEC-25
0.02	0.55	1478721629	30-DEC-25
0	0.25	1478721715	30-DEC-25
0	4.75	1478721720	30-DEC-25
0.02	0.55	1478721819	30-DEC-25
0.2	0	1478721939	30-DEC-25
0	0.5	1478722121	30-DEC-25
0	0.5	1478722278	30-DEC-25
0.5	0	1478722472	30-DEC-25
0.02	0.55	1478722518	30-DEC-25
0.02	0.55	1478722621	30-DEC-25
0	0.25	1478722637	30-DEC-25
0	0.5	1478722680	30-DEC-25
0	0.5	1478722804	30-DEC-25
0	0.12	1478722899	30-DEC-25
0	0.12	1478722902	30-DEC-25
0.02	0.55	1478723141	30-DEC-25
0.02	0.55	1478723231	30-DEC-25
0.02	0.55	1478723263	30-DEC-25
0.02	0.55	1478723362	30-DEC-25
0	0.5	1478723452	30-DEC-25
0.3	0	1478723483	30-DEC-25
0	0.28	1478723499	30-DEC-25
0.02	0.55	1478723762	30-DEC-25
0.02	0.55	1478723763	30-DEC-25
0	0.25	1478723876	30-DEC-25
0	0.5	1478723888	30-DEC-25
0	0.5	1478723893	30-DEC-25
0	0.5	1478723917	30-DEC-25
0.02	0.55	1478723924	30-DEC-25
0.02	0.55	1478723948	30-DEC-25
0	0.5	1478724019	30-DEC-25
0	0.5	1478724033	30-DEC-25
0	0.4	1478724136	30-DEC-25
0	0.5	1478724237	30-DEC-25
0.02	0.55	1478724430	30-DEC-25
2	0	1478724446	30-DEC-25
0	0.5	1478724508	30-DEC-25
0	0.5	1478724624	30-DEC-25
0.02	0.55	1478724640	30-DEC-25
0.02	0.55	1478724674	30-DEC-25
0	0.5	1478724676	30-DEC-25
0	0.25	1478724702	30-DEC-25
0.02	0.55	1478724708	30-DEC-25
0.8	0	1478724714	30-DEC-25
0.02	0.3	1478724768	30-DEC-25
0.02	0.55	1478724794	30-DEC-25
0.02	0.55	1478724798	30-DEC-25
0.02	1.05	1478724913	30-DEC-25
0.02	0.55	1478724921	30-DEC-25
0.02	0.55	1478724933	30-DEC-25
0	6	1478724940	30-DEC-25
0	0.5	1478725076	30-DEC-25
0.02	0.55	1478725377	30-DEC-25
0	6	1478725465	30-DEC-25
0.2	0	1478725581	30-DEC-25
0.5	0	1478725699	30-DEC-25
0	0.12	1478725761	30-DEC-25
0.02	0.55	1478725871	30-DEC-25
0.02	0.55	1478725908	30-DEC-25
0.02	0.55	1478726007	30-DEC-25
0.5	0	1478726034	30-DEC-25
0	0.5	1478726076	30-DEC-25
0.4	0	1478726191	30-DEC-25
0	0.5	1478726208	30-DEC-25
0	0.5	1478726212	30-DEC-25
0	0.5	1478726265	30-DEC-25
0.3	0	1478726283	30-DEC-25
0.02	0.55	1478726286	30-DEC-25
3	0	1478726329	30-DEC-25
0.02	0.55	1478726349	30-DEC-25
0.02	0.55	1478726527	30-DEC-25
0.02	0.55	1478726585	30-DEC-25
0	0.25	1478726645	30-DEC-25
0.02	0.25	1478726687	30-DEC-25
0.07	0	1478726739	30-DEC-25
0	0.5	1478726753	30-DEC-25
0	0.5	1478726792	30-DEC-25
0.01	0	1478726951	30-DEC-25
0	0.5	1478726996	30-DEC-25
0	1	1478726997	30-DEC-25
0.02	0.92	1478727169	30-DEC-25
0.5	0	1478727292	30-DEC-25
0.02	1.05	1478727324	30-DEC-25
0.02	0.55	1478727406	30-DEC-25
0.02	0.55	1478727421	30-DEC-25
0	0.5	1478727598	30-DEC-25
0.3	0	1478727710	30-DEC-25
0	0.5	1478727733	30-DEC-25
0.02	0.55	1478727787	30-DEC-25
10	0	1478727880	30-DEC-25
0	0.5	1478728088	30-DEC-25
0.1	0	1478728110	30-DEC-25
0.02	0.55	1478728230	30-DEC-25
0	0.5	1478728231	30-DEC-25
0	0.25	1478728322	30-DEC-25
19	0	1478728363	30-DEC-25
0	0.5	1478728705	30-DEC-25
0	0.5	1478728724	30-DEC-25
1	0	1478728932	30-DEC-25
0.02	0.55	1478729000	30-DEC-25
0.02	0.55	1478729071	30-DEC-25
0	0.5	1478729095	30-DEC-25
0	0.5	1478729143	30-DEC-25
0.02	0.55	1478729182	30-DEC-25
0.02	0.55	1478729281	30-DEC-25
0	0.5	1478729430	30-DEC-25
0	0.5	1478729433	30-DEC-25
0	0.5	1478729486	30-DEC-25
0.02	0.55	1478729503	30-DEC-25
0.02	0.55	1478729631	30-DEC-25
0.02	0.55	1478729633	30-DEC-25
0	0.25	1478729800	30-DEC-25
0.02	0.55	1478729807	30-DEC-25
0	0.5	1478730001	30-DEC-25
0	0.5	1478730020	30-DEC-25
0	0.25	1478730063	30-DEC-25
0.02	0.55	1478730104	30-DEC-25
0.02	0.175	1478730227	30-DEC-25
0	1.5	1478730230	30-DEC-25
0	0.5	1478730327	30-DEC-25
3	0	1478730364	30-DEC-25
0	0.5	1478730406	30-DEC-25
0	0.5	1478730407	30-DEC-25
0	0.2	1478730408	30-DEC-25
0	0.5	1478730537	30-DEC-25
0.02	4.15	1478730679	30-DEC-25
0.02	0.55	1478730979	30-DEC-25
0.02	0.55	1478731000	30-DEC-25
0.02	0.55	1478731019	30-DEC-25
0	0.5	1478731025	30-DEC-25
0	0.5	1478731091	30-DEC-25
0.02	0.55	1478731148	30-DEC-25
0	0.5	1478731237	30-DEC-25
0.02	0.55	1478731279	30-DEC-25
0.02	0.55	1478731372	30-DEC-25
0	0.5	1478731379	30-DEC-25
0.2	0	1478731480	30-DEC-25
0.1	0	1478731513	30-DEC-25
0	0.5	1478731637	30-DEC-25
0	0.5	1478731665	30-DEC-25
0.3	0	1478731688	30-DEC-25
0	0.5	1478731708	30-DEC-25
0.02	0.55	1478731720	30-DEC-25
0.02	0.55	1478731734	30-DEC-25
0.02	0.55	1478731776	30-DEC-25
0	0.25	1478731819	30-DEC-25
0	0.12	1478731889	30-DEC-25
0	0.5	1478732018	30-DEC-25
0	0.5	1478732076	30-DEC-25
0	0.5	1478732230	30-DEC-25
0	10	1478732273	30-DEC-25
0	0.5	1478732308	30-DEC-25
0	0.5	1478732390	30-DEC-25
0	0.5	1478732574	30-DEC-25
0.02	0.55	1478732578	30-DEC-25
0.02	0.55	1478732684	30-DEC-25
0	0.5	1478732697	30-DEC-25
0	0.12	1478732701	30-DEC-25
0.02	0.55	1478732774	30-DEC-25
0	0.12	1478732792	30-DEC-25
0.45	0	1478732795	30-DEC-25
0	0.5	1478732823	30-DEC-25
0.02	2.1	1478732900	30-DEC-25
0	0.5	1478732981	30-DEC-25
0.02	0.3	1478733022	30-DEC-25
0.02	0.55	1478733118	30-DEC-25
0.5	0	1478733219	30-DEC-25
0	0.5	1478733294	30-DEC-25
0	0.25	1478733346	30-DEC-25
0	0.5	1478733466	30-DEC-25
0.02	0.55	1478733613	30-DEC-25
0	0.5	1478733790	30-DEC-25
0	0.5	1478733997	30-DEC-25
0	0.25	1478734060	30-DEC-25
0.1	0	1478734231	30-DEC-25
0.02	0.55	1478734239	30-DEC-25
0.3	0	1478734254	30-DEC-25
0.02	0.55	1478734386	30-DEC-25
0	0.5	1478734428	30-DEC-25
0	0.2	1478734549	30-DEC-25
0	0.2	1478735137	30-DEC-25
0	0.5	1478735149	30-DEC-25
0.02	0.55	1478735363	30-DEC-25
0	0.12	1478735389	30-DEC-25
0	0.25	1478735397	30-DEC-25
0.5	0	1478735463	30-DEC-25
0.2	0	1478735519	30-DEC-25
0.02	0.55	1478735581	30-DEC-25
0.02	0.55	1478735602	30-DEC-25
0	0.5	1478735732	30-DEC-25
0	0.5	1478736020	30-DEC-25
0	0.5	1478736037	30-DEC-25
0	0.21	1478736189	30-DEC-25
0.02	0.55	1478736272	30-DEC-25
0	0.5	1478736302	30-DEC-25
0	0.5	1478736375	30-DEC-25
0	0.5	1478736458	30-DEC-25
0	0.5	1478736544	30-DEC-25
0.02	0.55	1478736702	30-DEC-25
0.02	0.55	1478736824	30-DEC-25
0	0.5	1478736856	30-DEC-25
0	0.5	1478736861	30-DEC-25
1	0	1478736868	30-DEC-25
0.02	1.05	1478736998	30-DEC-25
0.02	0.55	1478737060	30-DEC-25
0	0.5	1478737176	30-DEC-25
0	0.7	1478737195	30-DEC-25
0.02	0.55	1478737260	30-DEC-25
0	0.5	1478737356	30-DEC-25
0.02	0.55	1478737452	30-DEC-25
1.5	0	1478737465	30-DEC-25
0	0.5	1478737748	30-DEC-25
0	0.5	1478737882	30-DEC-25
0.02	0.55	1478737937	30-DEC-25
0.02	0.2	1478737960	30-DEC-25
0.03	0	1478737968	30-DEC-25
0.02	1.05	1478738192	30-DEC-25
0.3	0	1478738279	30-DEC-25
0	0.7	1478738309	30-DEC-25
0	0.5	1478738463	30-DEC-25
0	0.12	1478738466	30-DEC-25
0	0.5	1478738469	30-DEC-25
0.02	0.55	1478738482	30-DEC-25
0.02	0.55	1478738506	30-DEC-25
0.02	1.6	1478738550	30-DEC-25
0	0.25	1478738682	30-DEC-25
0	0.25	1478738721	30-DEC-25
0	0.5	1478738973	30-DEC-25
0	0.5	1478739033	30-DEC-25
0	1	1478739059	30-DEC-25
0	1	1478739096	30-DEC-25
1.3	0	1478739115	30-DEC-25
0.02	0.55	1478739225	30-DEC-25
0.8	0	1478739247	30-DEC-25
0	0.5	1478739292	30-DEC-25
0	0.5	1478739308	30-DEC-25
0	0.5	1478739341	30-DEC-25
0.02	80.25	1478739601	30-DEC-25
0	0.8	1478739661	30-DEC-25
0.02	0.55	1478739706	30-DEC-25
0	0.5	1478739741	30-DEC-25
0.02	0.55	1478739763	30-DEC-25
0.02	0.55	1478739769	30-DEC-25
0	0.25	1478739821	30-DEC-25
0.02	0.55	1478739888	30-DEC-25
0.05	0	1478739946	30-DEC-25
0.02	0.55	1478739952	30-DEC-25
0.02	0.55	1478740081	30-DEC-25
0	0.5	1478740302	30-DEC-25
0	0.5	1478740407	30-DEC-25
0.02	0.55	1478740449	30-DEC-25
0	0.5	1478740515	30-DEC-25
0.02	0.55	1478740525	30-DEC-25
0	0.5	1478740552	30-DEC-25
0.02	0.55	1478740559	30-DEC-25
3	0	1478740653	30-DEC-25
0.02	0.2	1478740665	30-DEC-25
0.02	0.55	1478740688	30-DEC-25
0.2	0	1478740695	30-DEC-25
0.02	0.55	1478740725	30-DEC-25
0	0.46	1478740835	30-DEC-25
0	0.5	1478740924	30-DEC-25
0.02	0.55	1478740971	30-DEC-25
0	0.5	1478741017	30-DEC-25
0	0.5	1478741044	30-DEC-25
0.02	0.55	1478741098	30-DEC-25
0	0.11	1478741315	30-DEC-25
0	0.5	1478741450	30-DEC-25
0.02	0.3	1478741457	30-DEC-25
0.02	0.55	1478741460	30-DEC-25
0.9	0	1478741468	30-DEC-25
0	0.12	1478741512	30-DEC-25
0.02	0.55	1478741515	30-DEC-25
0	0.25	1478741526	30-DEC-25
0.02	0.55	1478741601	30-DEC-25
0.02	0.55	1478741645	30-DEC-25
0	1	1478741673	30-DEC-25
0.5	0	1478741729	30-DEC-25
0.02	0.55	1478741783	30-DEC-25
0	0.25	1478741884	30-DEC-25
0	0.5	1478741898	30-DEC-25
0	0.25	1478741914	30-DEC-25
0.02	0.55	1478741936	30-DEC-25
0.02	0.55	1478741987	30-DEC-25
0	0.9	1478742094	30-DEC-25
0	0.5	1478742254	30-DEC-25
0	2.56	1478742288	30-DEC-25
0	0.5	1478742314	30-DEC-25
1	0	1478742349	30-DEC-25
2	0	1478742421	30-DEC-25
0.02	0.55	1478742450	30-DEC-25
0.02	0.55	1478742494	30-DEC-25
1	0	1478742504	30-DEC-25
0	0.12	1478742506	30-DEC-25
0.02	15.125	1478742513	30-DEC-25
0.02	0.3	1478742523	30-DEC-25
0.02	0.55	1478742551	30-DEC-25
0.02	0.55	1478742562	30-DEC-25
0	0.5	1478742568	30-DEC-25
0.02	0.55	1478742689	30-DEC-25
0.02	0.55	1478742787	30-DEC-25
0.02	0.55	1478742824	30-DEC-25
0	0.5	1478742867	30-DEC-25
0	0.25	1478742915	30-DEC-25
0.02	0.55	1478743058	30-DEC-25
0	0.5	1478743137	30-DEC-25
0.02	0.55	1478743177	30-DEC-25
2.5	0	1478743252	30-DEC-25
0.02	0.3	1478743496	30-DEC-25
0	0.5	1478743534	30-DEC-25
0.02	0.55	1478743570	30-DEC-25
0	0.5	1478743634	30-DEC-25
0	0.5	1478743713	30-DEC-25
0	0.5	1478743733	30-DEC-25
0.02	0.65	1478743792	30-DEC-25
0	0.25	1478743954	30-DEC-25
0	0.25	1478743961	30-DEC-25
0	0.5	1478743993	30-DEC-25
0.02	0.55	1478744028	30-DEC-25
0	0.25	1478744058	30-DEC-25
0.1	0	1478744114	30-DEC-25
0.02	0.55	1478744240	30-DEC-25
0.02	0.55	1478744266	30-DEC-25
0.02	0.55	1478744299	30-DEC-25
0.02	0.55	1478744411	30-DEC-25
5	0	1478744432	30-DEC-25
0	0.5	1478744472	30-DEC-25
0.1	0	1478744533	30-DEC-25
0.02	0.17	1478744579	30-DEC-25
0.02	0.55	1478744715	30-DEC-25
0	0.5	1478744786	30-DEC-25
0.5	0	1478744827	30-DEC-25
0	0.5	1478744947	30-DEC-25
0.02	0.55	1478745055	30-DEC-25
0.02	0.55	1478745079	30-DEC-25
0	0.5	1478745147	30-DEC-25
0.02	0.55	1478745186	30-DEC-25
0	0.5	1478745354	30-DEC-25
3.5	0	1478745371	30-DEC-25
0.02	0.55	1478745658	30-DEC-25
0.02	0.55	1478745724	30-DEC-25
0.02	0.55	1478745749	30-DEC-25
0.02	0.55	1478745800	30-DEC-25
1	0	1478745830	30-DEC-25
0	0.5	1478745894	30-DEC-25
0.02	0.55	1478745955	30-DEC-25
0.02	0.55	1478746002	30-DEC-25
0.02	0.55	1478746055	30-DEC-25
1.1	0	1478746138	30-DEC-25
0.02	0.55	1478746174	30-DEC-25
0.02	0.55	1478746228	30-DEC-25
0	0.5	1478746230	30-DEC-25
0.02	0.55	1478746235	30-DEC-25
0.9	0	1478746354	30-DEC-25
0.1	0	1478746460	30-DEC-25
10	0	1478746484	30-DEC-25
0	0.5	1478746560	30-DEC-25
0.02	0.45	1478746574	30-DEC-25
0	0.5	1478746603	30-DEC-25
0.02	0.55	1478746712	30-DEC-25
0	7	1478746970	30-DEC-25
0	0.5	1478747157	30-DEC-25
0	0.22	1478747161	30-DEC-25
0	0.5	1478747201	30-DEC-25
0	0.5	1478747259	30-DEC-25
0	0.1	1478747365	30-DEC-25
0.02	0.55	1478747417	30-DEC-25
0	0.5	1478747433	30-DEC-25
0.02	1.05	1478747632	30-DEC-25
0.2	0	1478747787	30-DEC-25
0	0.5	1478747811	30-DEC-25
0.11	0	1478747870	30-DEC-25
0	0.5	1478747932	30-DEC-25
0	0.5	1478748034	30-DEC-25
0.02	0.55	1478748122	30-DEC-25
0	0.5	1478748128	30-DEC-25
0	0.5	1478748135	30-DEC-25
0	0.5	1478748196	30-DEC-25
0	0.12	1478748380	30-DEC-25
0.02	0.55	1478748418	30-DEC-25
0.02	0.3	1478748427	30-DEC-25
0	0.5	1478748462	30-DEC-25
0.02	0.55	1478748582	30-DEC-25
0	0.5	1478748652	30-DEC-25
1.3	0	1478748919	30-DEC-25
8	0	1478749028	30-DEC-25
0.1	0	1478749077	30-DEC-25
0	0.5	1478749081	30-DEC-25
0.02	0.55	1478749119	30-DEC-25
0.02	0.55	1478749165	30-DEC-25
0.3	0	1478749210	30-DEC-25
0	0.5	1478749271	30-DEC-25
0	0.5	1478749366	30-DEC-25
0.02	0.55	1478749372	30-DEC-25
0	0.5	1478749458	30-DEC-25
0.02	0.55	1478749800	30-DEC-25
0	0.5	1478749803	30-DEC-25
0	0.5	1478749808	30-DEC-25
0.3	0	1478749901	30-DEC-25
0.3	0	1478750032	30-DEC-25
0	0.12	1478750077	30-DEC-25
0	0.1	1478750088	30-DEC-25
0.02	0.55	1478750163	30-DEC-25
0	0.5	1478750186	30-DEC-25
0.2	0	1478750261	30-DEC-25
0.02	3.1	1478750301	30-DEC-25
0.02	0.55	1478750345	30-DEC-25
0	0.12	1478750375	30-DEC-25
0	0.5	1478750550	30-DEC-25
0	7	1478750597	30-DEC-25
0	0.5	1478750752	30-DEC-25
0.02	0.55	1478750790	30-DEC-25
0.02	0.55	1478750945	30-DEC-25
0	0.5	1478750951	30-DEC-25
1	0	1478751035	30-DEC-25
2	0	1478751098	30-DEC-25
0.02	0.55	1478751282	30-DEC-25
0	0.5	1478751357	30-DEC-25
0.02	0.55	1478751409	30-DEC-25
0.2	0	1478751444	30-DEC-25
0.02	0.55	1478751516	30-DEC-25
0.02	0.3	1478751600	30-DEC-25
0.02	0.55	1478751605	30-DEC-25
0	0.1	1478751611	30-DEC-25
0.16	0	1478751684	30-DEC-25
1	0	1478751727	30-DEC-25
0.2	0	1478751761	30-DEC-25
0.02	0.3	1478751767	30-DEC-25
0	0.5	1478752009	30-DEC-25
0.3	0	1478752041	30-DEC-25
0.02	0.55	1478752073	30-DEC-25
0.02	0.55	1478752083	30-DEC-25
0.02	0.55	1478752084	30-DEC-25
0	0.25	1478752209	30-DEC-25
0	0.5	1478752436	30-DEC-25
0	0.1	1478752515	30-DEC-25
0	0.12	1478752523	30-DEC-25
0.5	0	1478752540	30-DEC-25
0	0.5	1478752798	30-DEC-25
0.8	0	1478752809	30-DEC-25
0	0.25	1478752862	30-DEC-25
0.25	0	1478752879	30-DEC-25
0	0.5	1478752940	30-DEC-25
0.02	0.55	1478752949	30-DEC-25
0	0.5	1478753074	30-DEC-25
0.02	0.55	1478753259	30-DEC-25
0	0.5	1478753478	30-DEC-25
0.5	0	1478753683	30-DEC-25
0	0.2	1478753793	30-DEC-25
0.02	0.55	1478754007	30-DEC-25
0.02	0.17	1478754033	30-DEC-25
0.05	0	1478754072	30-DEC-25
0	0.12	1478754251	30-DEC-25
0	0.5	1478754293	30-DEC-25
0.02	0.55	1478754412	30-DEC-25
0	2	1478754510	30-DEC-25
0	0.5	1478754560	30-DEC-25
0.02	0.55	1478754684	30-DEC-25
3	0	1478754702	30-DEC-25
0.02	0.65	1478754732	30-DEC-25
0	0.25	1478754735	30-DEC-25
0	0.5	1478754819	30-DEC-25
0	0.5	1478754894	30-DEC-25
0	0.5	1478754916	30-DEC-25
0	0.5	1478754964	30-DEC-25
0.02	0.55	1478754970	30-DEC-25
0.02	0.55	1478755080	30-DEC-25
0	0.5	1478755127	30-DEC-25
0.02	0.55	1478755256	30-DEC-25
36	0	1478755288	30-DEC-25
1.8	0	1478755383	30-DEC-25
0	0.5	1478755396	30-DEC-25
0	0.12	1478755416	30-DEC-25
0.02	0.55	1478755487	30-DEC-25
0.02	1.05	1478755603	30-DEC-25
0.02	0.45	1478755720	30-DEC-25
1	0	1478755887	30-DEC-25
0.02	0.55	1478756030	30-DEC-25
0.2	0	1478756057	30-DEC-25
0	0.12	1478756080	30-DEC-25
0	0.5	1478756082	30-DEC-25
0.25	0	1478756085	30-DEC-25
0	0.5	1478756215	30-DEC-25
0.02	1.05	1478756259	30-DEC-25
0	0.5	1478756279	30-DEC-25
0.5	0	1478756349	30-DEC-25
0.02	0.55	1478756400	30-DEC-25
0.02	0.55	1478756423	30-DEC-25
0.02	0.55	1478756436	30-DEC-25
1.5	0	1478756494	30-DEC-25
0	0.5	1478756507	30-DEC-25
0.02	0.3	1478756549	30-DEC-25
0.02	0.55	1478756571	30-DEC-25
0.02	0.55	1478756587	30-DEC-25
0	0.25	1478756676	30-DEC-25
0.02	0.55	1478756810	30-DEC-25
0	0.5	1478756849	30-DEC-25
0	0.5	1478756956	30-DEC-25
0.1	0	1478756968	30-DEC-25
0	0.12	1478757117	30-DEC-25
0	0.25	1478757157	30-DEC-25
0.02	0.55	1478757173	30-DEC-25
0.02	0.55	1478757218	30-DEC-25
0	0.12	1478757698	30-DEC-25
0.3	0	1478757722	30-DEC-25
0	0.5	1478757831	30-DEC-25
0	0.5	1478757839	30-DEC-25
3	0	1478757981	30-DEC-25
0	0.25	1478758383	30-DEC-25
5	0	1478758393	30-DEC-25
0	10	1478758511	30-DEC-25
0	0.5	1478759088	30-DEC-25
0.02	0.55	1478759103	30-DEC-25
0.02	0.55	1478759175	30-DEC-25
0	0.5	1478759259	30-DEC-25
0	0.25	1478759323	30-DEC-25
0	0.25	1478759657	30-DEC-25
1	0	1478760165	30-DEC-25
0.02	0.55	1478760213	30-DEC-25
0	0.5	1478760326	30-DEC-25
0.02	0.55	1478760400	30-DEC-25
0.02	0.55	1478760520	30-DEC-25
0.02	0.55	1478760548	30-DEC-25
0	0.5	1478760733	30-DEC-25
0.02	0.3	1478761096	30-DEC-25
14	0	1478761241	30-DEC-25
0.02	0.55	1478761305	30-DEC-25
0	0.5	1478761410	30-DEC-25
0.5	0	1478761418	30-DEC-25
0.34	0	1478761667	30-DEC-25
0	0.12	1478761998	30-DEC-25
0.02	0.55	1478762012	30-DEC-25
0.02	0.16	1478762026	30-DEC-25
0.25	0	1478762167	30-DEC-25
0.02	0.55	1478762244	30-DEC-25
0	0.5	1478762393	30-DEC-25
0.18	0	1478762398	30-DEC-25
0.02	0.55	1478762442	30-DEC-25
0.9	0	1478762513	30-DEC-25
0.5	0	1478762550	30-DEC-25
0.3	0	1478762570	30-DEC-25
0.5	0	1478762600	30-DEC-25
0.02	0.55	1478762759	30-DEC-25
0.6	0	1478762773	30-DEC-25
0.02	0.55	1478762917	30-DEC-25
0	0.5	1478762919	30-DEC-25
2	0	1478762973	30-DEC-25
0	0.12	1478762985	30-DEC-25
0	0.5	1478763163	30-DEC-25
0	0.5	1478763201	30-DEC-25
0	0.5	1478763246	30-DEC-25
0.02	0.55	1478763374	30-DEC-25
0.02	0.55	1478763382	30-DEC-25
0	0.47	1478763615	30-DEC-25
0.02	0.55	1478763793	30-DEC-25
0.02	0.55	1478763988	30-DEC-25
0	0.4	1478764041	30-DEC-25
0	6	1478764118	30-DEC-25
0.02	0.55	1478764205	30-DEC-25
0	0.5	1478764275	30-DEC-25
0.02	0.55	1478764309	30-DEC-25
0.02	0.55	1478764520	30-DEC-25
0.5	0	1478764564	30-DEC-25
0.02	0.55	1478764598	30-DEC-25
0	0.5	1478764605	30-DEC-25
0.02	0.55	1478764623	30-DEC-25
0.02	0.55	1478764645	30-DEC-25
0.02	0.55	1478764756	30-DEC-25
0	0.5	1478764795	30-DEC-25
0.1	0	1478764857	30-DEC-25
0.02	0.55	1478764912	30-DEC-25
0.02	0.55	1478764934	30-DEC-25
0.02	0.55	1478764986	30-DEC-25
0	0.12	1478765130	30-DEC-25
0.02	0.3	1478765166	30-DEC-25
0.02	0.55	1478765238	30-DEC-25
0	0.36	1478765332	30-DEC-25
0	0.5	1478765351	30-DEC-25
0.02	0.3	1478765357	30-DEC-25
0	0.5	1478765361	30-DEC-25
0.1	0	1478765405	30-DEC-25
0	0.5	1478765450	30-DEC-25
0.1	0	1478765487	30-DEC-25
0	0.5	1478765575	30-DEC-25
0.02	0.55	1478765643	30-DEC-25
0	0.25	1478765750	30-DEC-25
0	0.25	1478765774	30-DEC-25
0.02	0.55	1478765794	30-DEC-25
0	5	1478765805	30-DEC-25
0.03	0	1478765878	30-DEC-25
0	0.5	1478766023	30-DEC-25
0.2	0	1478766024	30-DEC-25
0	0.5	1478766072	30-DEC-25
0.4	0	1478766147	30-DEC-25
0	0.5	1478766183	30-DEC-25
0	0.5	1478766242	30-DEC-25
0	0.5	1478766255	30-DEC-25
0.02	0.55	1478766389	30-DEC-25
0	0.5	1478766556	30-DEC-25
0.02	0.55	1478766585	30-DEC-25
0.02	4.95	1478766636	30-DEC-25
0	0.25	1478766654	30-DEC-25
1	0	1478766737	30-DEC-25
0.02	0.55	1478766763	30-DEC-25
0.02	0.16	1478767000	30-DEC-25
0	0.12	1478767005	30-DEC-25
0	0.5	1478767145	30-DEC-25
0	0.5	1478767268	30-DEC-25
0	0.45	1478767434	30-DEC-25
0	0.5	1478767501	30-DEC-25
0.02	0.55	1478767596	30-DEC-25
0.02	1.05	1478767769	30-DEC-25
0.02	0.55	1478767804	30-DEC-25
0.02	0.55	1478767806	30-DEC-25
0	0.5	1478767917	30-DEC-25
0	0.25	1478768030	30-DEC-25
0.02	0.55	1478768039	30-DEC-25
0	0.12	1478768117	30-DEC-25
0	0.5	1478768155	30-DEC-25
0	0.5	1478768171	30-DEC-25
0.02	0.55	1478768328	30-DEC-25
0.8	0	1478768332	30-DEC-25
0.02	0.55	1478768335	30-DEC-25
1.2	0	1478768391	30-DEC-25
0	0.5	1478768410	30-DEC-25
0	0.5	1478768682	30-DEC-25
0	0.5	1478768787	30-DEC-25
0	0.5	1478768829	30-DEC-25
0	0.5	1478769001	30-DEC-25
0	0.5	1478769033	30-DEC-25
0	0.5	1478769049	30-DEC-25
0.02	0.55	1478769223	30-DEC-25
0.02	0.525	1478769226	30-DEC-25
0	0.5	1478769236	30-DEC-25
0.02	0.17	1478769312	30-DEC-25
0	0.5	1478769397	30-DEC-25
0	0.9	1478769428	30-DEC-25
0.02	0.55	1478769724	30-DEC-25
0.02	0.55	1478769889	30-DEC-25
0	0.3	1478769969	30-DEC-25
0	0.5	1478769973	30-DEC-25
2	0	1478770007	30-DEC-25
0.02	0.55	1478770011	30-DEC-25
0.02	0.55	1478770083	30-DEC-25
0.02	0.55	1478770122	30-DEC-25
2.5	0	1478770160	30-DEC-25
0.02	0.55	1478770166	30-DEC-25
0.02	0.55	1478770253	30-DEC-25
0	0.5	1478770569	30-DEC-25
1	0	1478770602	30-DEC-25
0.3	0	1478770758	30-DEC-25
0	0.5	1478770904	30-DEC-25
0.02	0.45	1478770905	30-DEC-25
0.02	0.55	1478770927	30-DEC-25
0	0.5	1478771087	30-DEC-25
1	0	1478771094	30-DEC-25
0.02	0.25	1478771149	30-DEC-25
0.02	0.55	1478771243	30-DEC-25
0	0.5	1478771274	30-DEC-25
0.02	0.55	1478771279	30-DEC-25
0	0.1	1478771293	30-DEC-25
0.02	0.55	1478771657	30-DEC-25
0	0.25	1478771716	30-DEC-25
0.02	0.55	1478771757	30-DEC-25
0	0.5	1478771847	30-DEC-25
0	0.5	1478771880	30-DEC-25
0	0.5	1478771900	30-DEC-25
0.02	0.55	1478771909	30-DEC-25
0	0.5	1478771981	30-DEC-25
0.3	0	1478771985	30-DEC-25
0.02	0.55	1478772044	30-DEC-25
0	0.5	1478772103	30-DEC-25
0	0.25	1478772278	30-DEC-25
0.02	0.55	1478772294	30-DEC-25
0.02	0.55	1478772332	30-DEC-25
0.02	0.55	1478772339	30-DEC-25
1.88	0	1478772455	30-DEC-25
0.02	0.3	1478772842	30-DEC-25
4	0	1478772912	30-DEC-25
0.02	0.55	1478773080	30-DEC-25
0.02	0.55	1478773213	30-DEC-25
0	0.5	1478773220	30-DEC-25
0.02	0.55	1478773243	30-DEC-25
0	0.5	1478773444	30-DEC-25
1	0	1478773661	30-DEC-25
0	0.5	1478773829	30-DEC-25
0	0.5	1478773881	30-DEC-25
0.02	0.55	1478773967	30-DEC-25
0	0.5	1478774341	30-DEC-25
0.02	0.55	1478774416	30-DEC-25
0	0.5	1478774629	30-DEC-25
10	0	1478774683	30-DEC-25
0	0.5	1478774688	30-DEC-25
2	0	1478774694	30-DEC-25
0.02	0.55	1478774895	30-DEC-25
0	0.5	1478774897	30-DEC-25
0.02	0.5	1478774929	30-DEC-25
0	0.5	1478775026	30-DEC-25
0.02	0.55	1478775058	30-DEC-25
0	0.12	1478775067	30-DEC-25
0.02	0.55	1478775115	30-DEC-25
0	0.5	1478775164	30-DEC-25
0	0.2	1478775214	30-DEC-25
0.3	0	1478775397	30-DEC-25
0.02	0.55	1478775456	30-DEC-25
0.6	0	1478775519	30-DEC-25
0	0.34	1478775745	30-DEC-25
0	0.25	1478775813	30-DEC-25
0	0.5	1478775865	30-DEC-25
0.02	0.55	1478775903	30-DEC-25
0	0.12	1478775966	30-DEC-25
0.02	0.55	1478776055	30-DEC-25
0.02	0.55	1478776155	30-DEC-25
0	0.5	1478776159	30-DEC-25
1	0	1478776289	30-DEC-25
0.02	0.55	1478776291	30-DEC-25
0	0.5	1478776353	30-DEC-25
0.02	0.55	1478776379	30-DEC-25
0	0.5	1478776505	30-DEC-25
7	0	1478776532	30-DEC-25
0.02	0.55	1478776553	30-DEC-25
0.02	0.55	1478776577	30-DEC-25
0	0.5	1478776699	30-DEC-25
0.3	0	1478776730	30-DEC-25
0	0.5	1478776934	30-DEC-25
0	0.25	1478776946	30-DEC-25
0.02	0.55	1478776965	30-DEC-25
0	0.5	1478777016	30-DEC-25
0	0.25	1478777032	30-DEC-25
0.02	0.55	1478777038	30-DEC-25
0	0.4	1478777205	30-DEC-25
0	0.25	1478777250	30-DEC-25
0.02	0.55	1478777297	30-DEC-25
0.02	0.55	1478777304	30-DEC-25
0.02	0.55	1478777354	30-DEC-25
0	0.5	1478777516	30-DEC-25
0	0.5	1478777697	30-DEC-25
0	0.5	1478777795	30-DEC-25
0	0.5	1478777841	30-DEC-25
0	0.5	1478777943	30-DEC-25
0.1	0	1478777977	30-DEC-25
0.02	0.55	1478778015	30-DEC-25
0	0.5	1478778133	30-DEC-25
0.02	0.275	1478778156	30-DEC-25
0.02	1.05	1478778159	30-DEC-25
0.02	2.1	1478778166	30-DEC-25
0	0.25	1478778183	30-DEC-25
0.3	0	1478778241	30-DEC-25
0.02	0.55	1478778296	30-DEC-25
0	0.25	1478778322	30-DEC-25
0	0.5	1478778364	30-DEC-25
0	0.5	1478778440	30-DEC-25
0	0.5	1478778442	30-DEC-25
0	0.12	1478778495	30-DEC-25
0	0.5	1478778502	30-DEC-25
0	0.25	1478778532	30-DEC-25
0	0.5	1478778628	30-DEC-25
0.02	0.45	1478778660	30-DEC-25
0	0.5	1478778697	30-DEC-25
0	0.5	1478778744	30-DEC-25
0.02	0.55	1478778821	30-DEC-25
0	5	1478778870	30-DEC-25
0.02	0.55	1478779038	30-DEC-25
0.02	0.55	1478779238	30-DEC-25
0.02	0.55	1478779295	30-DEC-25
0	0.5	1478779339	30-DEC-25
0	0.5	1478779725	30-DEC-25
0	0.12	1478779745	30-DEC-25
0	0.5	1478779774	30-DEC-25
0	0.12	1478779791	30-DEC-25
0.8	0	1478779935	30-DEC-25
0.02	0.55	1478780033	30-DEC-25
0.1	0	1478780140	30-DEC-25
0	0.5	1478780362	30-DEC-25
0.5	0	1478780363	30-DEC-25
0.02	0.55	1478780433	30-DEC-25
0.02	0.55	1478780440	30-DEC-25
0.02	0.55	1478780443	30-DEC-25
0.3	0	1478780535	30-DEC-25
0.02	0.55	1478780549	30-DEC-25
0.02	0.35	1478780599	30-DEC-25
0	0.5	1478780659	30-DEC-25
0	0.5	1478780676	30-DEC-25
0	0.5	1478780728	30-DEC-25
0.02	2.1	1478780766	30-DEC-25
0	2	1478780856	30-DEC-25
0.02	0.3	1478781025	30-DEC-25
0	0.5	1478781108	30-DEC-25
9.2	0	1478781118	30-DEC-25
0.1	0	1478781199	30-DEC-25
0.02	0.55	1478781217	30-DEC-25
0	0.5	1478781276	30-DEC-25
0.02	0.55	1478781278	30-DEC-25
0.02	1.05	1478781444	30-DEC-25
0	0.5	1478781469	30-DEC-25
0.5	0	1478781500	30-DEC-25
1	0	1478781609	30-DEC-25
0.02	0.55	1478781616	30-DEC-25
0.02	0.55	1478781620	30-DEC-25
0	0.25	1478781626	30-DEC-25
0.02	0.55	1478781714	30-DEC-25
0.02	0.55	1478781763	30-DEC-25
0	0.5	1478781836	30-DEC-25
0.02	0.45	1478781950	30-DEC-25
0.02	1.05	1478782006	30-DEC-25
0.03	0	1478782097	30-DEC-25
0.02	0.55	1478782165	30-DEC-25
0	0.23	1478782223	30-DEC-25
0.02	0.55	1478782241	30-DEC-25
0.02	0.55	1478782243	30-DEC-25
0.02	0.55	1478782249	30-DEC-25
0	0.1	1478782296	30-DEC-25
0.02	0.55	1478782425	30-DEC-25
0	0.5	1478782516	30-DEC-25
0	0.12	1478782542	30-DEC-25
0	0.12	1478782583	30-DEC-25
0.02	0.55	1478782650	30-DEC-25
0	0.5	1478782731	30-DEC-25
0	0.5	1478782813	30-DEC-25
0	0.5	1478782892	30-DEC-25
2	0	1478782950	30-DEC-25
0	0.5	1478783047	30-DEC-25
0	0.5	1478783071	30-DEC-25
0	0.5	1478783134	30-DEC-25
0.6	0	1478783222	30-DEC-25
0	9	1478783234	30-DEC-25
0.02	0.55	1478783260	30-DEC-25
0	0.5	1478783290	30-DEC-25
0.02	0.3	1478783315	30-DEC-25
0.02	0.3	1478783319	30-DEC-25
0	0.25	1478783365	30-DEC-25
0	0.5	1478783415	30-DEC-25
0.02	0.55	1478783434	30-DEC-25
0	0.5	1478783483	30-DEC-25
0	3	1478783496	30-DEC-25
0	0.5	1478783576	30-DEC-25
0	0.5	1478783641	30-DEC-25
0	0.5	1478783704	30-DEC-25
0.02	0.3	1478783881	30-DEC-25
0	0.5	1478783900	30-DEC-25
0	0.5	1478783929	30-DEC-25
0	0.5	1478783978	30-DEC-25
0.02	0.55	1478784094	30-DEC-25
1	0	1478784139	30-DEC-25
0	0.5	1478784173	30-DEC-25
0	0.25	1478784390	30-DEC-25
0	0.2	1478784487	30-DEC-25
0.02	0.55	1478784540	30-DEC-25
0.02	0.16	1478784566	30-DEC-25
0	0.5	1478784573	30-DEC-25
0	0.12	1478784604	30-DEC-25
0.7	0	1478784617	30-DEC-25
0.2	0	1478784679	30-DEC-25
4	0	1478784795	30-DEC-25
0.02	0.55	1478784807	30-DEC-25
0	0.5	1478784901	30-DEC-25
0	0.5	1478784973	30-DEC-25
0	0.25	1478785023	30-DEC-25
0	0.25	1478785044	30-DEC-25
3	0	1478785184	30-DEC-25
0.02	0.55	1478785214	30-DEC-25
0	2	1478785409	30-DEC-25
0	0.5	1478785433	30-DEC-25
0.02	0.55	1478785457	30-DEC-25
0.25	0	1478785491	30-DEC-25
0	4	1478785500	30-DEC-25
3	0	1478785612	30-DEC-25
0	0.5	1478785641	30-DEC-25
0	2.5	1478785662	30-DEC-25
1	0	1478785723	30-DEC-25
0	0.5	1478785782	30-DEC-25
0.02	0.55	1478785814	30-DEC-25
5	0	1478785892	30-DEC-25
0	0.5	1478785955	30-DEC-25
0.02	0.55	1478786033	30-DEC-25
0	0.25	1478786036	30-DEC-25
0.02	0.55	1478786043	30-DEC-25
0.02	0.55	1478786113	30-DEC-25
0.02	0.55	1478786129	30-DEC-25
0	0.5	1478786226	30-DEC-25
0	0.5	1478786270	30-DEC-25
0	0.5	1478786290	30-DEC-25
0.02	0.3	1478786428	30-DEC-25
38	0	1478786432	30-DEC-25
0	0.12	1478786456	30-DEC-25
0.7	0	1478786562	30-DEC-25
0	0.25	1478786626	30-DEC-25
0.02	1.05	1478786674	30-DEC-25
0.02	0.55	1478786683	30-DEC-25
0.3	0	1478786713	30-DEC-25
0.02	0.55	1478786725	30-DEC-25
0	2	1478786868	30-DEC-25
0	0.25	1478786873	30-DEC-25
0	0.25	1478786994	30-DEC-25
0	0.5	1478787220	30-DEC-25
5.3	0	1478787337	30-DEC-25
0	0.25	1478787493	30-DEC-25
0.02	0.55	1478787513	30-DEC-25
0.02	0.55	1478787574	30-DEC-25
0.02	0.17	1478787594	30-DEC-25
0	0.5	1478787730	30-DEC-25
0.02	0.55	1478787896	30-DEC-25
0.25	0	1478788031	30-DEC-25
0.02	0.55	1478788308	30-DEC-25
0.02	0.55	1478788311	30-DEC-25
0	1	1478788375	30-DEC-25
0	0.5	1478788382	30-DEC-25
0	0.12	1478788457	30-DEC-25
0	0.5	1478788459	30-DEC-25
0.3	0	1478788465	30-DEC-25
0	0.5	1478788511	30-DEC-25
0.35	0	1478788604	30-DEC-25
0	0.12	1478788762	30-DEC-25
0	0.25	1478788830	30-DEC-25
0	0.12	1478788835	30-DEC-25
0.02	0.55	1478789037	30-DEC-25
0.12	0	1478789107	30-DEC-25
0	0.6	1478789148	30-DEC-25
0.02	0.55	1478789198	30-DEC-25
0.02	0.55	1478789271	30-DEC-25
0	0.12	1478789292	30-DEC-25
0	0.5	1478789320	30-DEC-25
0.02	0.55	1478789350	30-DEC-25
0.02	0.55	1478789401	30-DEC-25
0.02	0.55	1478789476	30-DEC-25
0	0.13	1478789487	30-DEC-25
0	0.12	1478789544	30-DEC-25
0	0.5	1478789554	30-DEC-25
0	0.5	1478789592	30-DEC-25
0	0.3	1478789716	30-DEC-25
0.05	0	1478789849	30-DEC-25
0.02	0.55	1478789899	30-DEC-25
0.02	0.55	1478789982	30-DEC-25
0	0.5	1478790007	30-DEC-25
0	0.5	1478790016	30-DEC-25
0	0.5	1478790060	30-DEC-25
0	0.5	1478790137	30-DEC-25
0	0.12	1478790222	30-DEC-25
0	0.5	1478790350	30-DEC-25
0	0.5	1478790366	30-DEC-25
0.3	0	1478790374	30-DEC-25
0.02	1.05	1478790439	30-DEC-25
0	0.5	1478790477	30-DEC-25
1	0	1478790521	30-DEC-25
0	0.5	1478790566	30-DEC-25
0	0.5	1478790630	30-DEC-25
0	0.12	1478790657	30-DEC-25
0	0.5	1478790804	30-DEC-25
0.02	0.55	1478790853	30-DEC-25
0	0.5	1478790965	30-DEC-25
0.02	0.55	1478791010	30-DEC-25
0.02	0.17	1478791183	30-DEC-25
0.02	0.55	1478791218	30-DEC-25
0	0.25	1478791354	30-DEC-25
0.9	0	1478791468	30-DEC-25
0	0.5	1478791553	30-DEC-25
0	0.25	1478791708	30-DEC-25
3	0	1478791714	30-DEC-25
0.02	0.3	1478791715	30-DEC-25
0	0.5	1478791759	30-DEC-25
0	0.5	1478791779	30-DEC-25
0.02	0.55	1478791846	30-DEC-25
0.02	0.3	1478792071	30-DEC-25
0.02	0.55	1478792249	30-DEC-25
0	0.5	1478792274	30-DEC-25
0	0.25	1478792287	30-DEC-25
0.02	0.55	1478792348	30-DEC-25
0.5	0	1478792367	30-DEC-25
0	0.5	1478792425	30-DEC-25
0.02	0.55	1478792457	30-DEC-25
7	0	1478792481	30-DEC-25
0	0.25	1478792584	30-DEC-25
0	0.5	1478792635	30-DEC-25
0.02	0.55	1478792739	30-DEC-25
0	0.5	1478792922	30-DEC-25
0.02	0.55	1478792936	30-DEC-25
0.02	0.25	1478793037	30-DEC-25
0	0.5	1478793049	30-DEC-25
0.02	0.3	1478793323	30-DEC-25
0	0.5	1478793433	30-DEC-25
0.3	0	1478793623	30-DEC-25
0	0.25	1478793665	30-DEC-25
0	0.12	1478793757	30-DEC-25
0.02	0.3	1478793782	30-DEC-25
0.02	0.55	1478793799	30-DEC-25
0.02	0.55	1478793965	30-DEC-25
0	0.6	1478794098	30-DEC-25
0	0.5	1478794126	30-DEC-25
0	0.5	1478794498	30-DEC-25
0.02	0.55	1478794506	30-DEC-25
1.5	0	1478794541	30-DEC-25
0	0.5	1478794555	30-DEC-25
0.3	0	1478794571	30-DEC-25
0.02	0.55	1478794636	30-DEC-25
0	0.5	1478794701	30-DEC-25
0	0.2	1478794742	30-DEC-25
0.02	0.55	1478794751	30-DEC-25
0.02	0.55	1478794814	30-DEC-25
1	0	1478795004	30-DEC-25
0.02	1.05	1478795046	30-DEC-25
0	0.5	1478795071	30-DEC-25
0.02	0.55	1478795078	30-DEC-25
0	0.5	1478795140	30-DEC-25
0	3	1478795264	30-DEC-25
0	0.3	1478795339	30-DEC-25
0	0.3	1478795378	30-DEC-25
0.02	0.55	1478795437	30-DEC-25
0	0.5	1478795519	30-DEC-25
0.02	0.55	1478795582	30-DEC-25
0	0.12	1478795793	30-DEC-25
0.1	0	1478795844	30-DEC-25
0.3	0	1478795857	30-DEC-25
0	0.5	1478795933	30-DEC-25
0.02	0.55	1478796063	30-DEC-25
0	0.5	1478796175	30-DEC-25
0.02	0.55	1478796192	30-DEC-25
0	0.5	1478796301	30-DEC-25
0.3	0	1478796358	30-DEC-25
0	0.5	1478796670	30-DEC-25
0.02	0.65	1478796726	30-DEC-25
0.02	0.45	1478796892	30-DEC-25
0	0.5	1478796907	30-DEC-25
0.1	0	1478796925	30-DEC-25
0	0.5	1478796947	30-DEC-25
0.02	0.55	1478797021	30-DEC-25
0.5	0	1478797427	30-DEC-25
0.02	0.55	1478797491	30-DEC-25
0.02	1.6	1478797492	30-DEC-25
1	0	1478797570	30-DEC-25
0	0.3	1478797702	30-DEC-25
0	0.5	1478797713	30-DEC-25
0.02	0.55	1478797836	30-DEC-25
0	0.5	1478797929	30-DEC-25
0	0.5	1478798007	30-DEC-25
0.02	0.55	1478798112	30-DEC-25
0.02	0.55	1478798184	30-DEC-25
0.02	0.55	1478798190	30-DEC-25
0	0.5	1478798287	30-DEC-25
0	0.5	1478798299	30-DEC-25
0.02	1.6	1478798499	30-DEC-25
0	0.5	1478798509	30-DEC-25
0	0.5	1478798626	30-DEC-25
0.02	0.55	1478798711	30-DEC-25
0	0.5	1478799033	30-DEC-25
0.02	0.55	1478799107	30-DEC-25
0.5	0	1478799187	30-DEC-25
0.02	0.55	1478799229	30-DEC-25
0.02	0.55	1478799312	30-DEC-25
0	0.5	1478800006	30-DEC-25
0	0.5	1478800045	30-DEC-25
1.25	0	1478800057	30-DEC-25
0.02	0.55	1478800077	30-DEC-25
0	0.5	1478800098	30-DEC-25
0.5	0	1478800147	30-DEC-25
0	0.5	1478800248	30-DEC-25
0	0.25	1478800252	30-DEC-25
0	0.5	1478800272	30-DEC-25
0.02	0.55	1478800317	30-DEC-25
1.25	0	1478800347	30-DEC-25
0.02	0.55	1478800416	30-DEC-25
0	0.12	1478800524	30-DEC-25
0.02	0.3	1478800565	30-DEC-25
0	0.5	1478800684	30-DEC-25
0	0.5	1478800693	30-DEC-25
0.02	0.55	1478800749	30-DEC-25
0.02	0.55	1478800797	30-DEC-25
0	0.5	1478800802	30-DEC-25
0	0.5	1478800925	30-DEC-25
0.02	0.55	1478801026	30-DEC-25
0.02	0.55	1478801266	30-DEC-25
0.5	0	1478801595	30-DEC-25
0.02	0.55	1478801732	30-DEC-25
0.02	0.55	1478801866	30-DEC-25
0.5	0	1478801896	30-DEC-25
0.02	0.55	1478802090	30-DEC-25
0	0.5	1478802322	30-DEC-25
0	0.5	1478802354	30-DEC-25
0.02	0.55	1478802361	30-DEC-25
0	0.11	1478802432	30-DEC-25
0.3	0	1478802652	30-DEC-25
0.02	0.55	1478802983	30-DEC-25
0.02	0.3	1478802984	30-DEC-25
0.02	0.35	1478803031	30-DEC-25
0	4.39	1478803274	30-DEC-25
0.35	0	1478803358	30-DEC-25
0.02	0.55	1478803435	30-DEC-25
0.02	1.05	1478803472	30-DEC-25
0.3	0	1478803473	30-DEC-25
0.02	0.25	1478803905	30-DEC-25
0.02	0.55	1478803916	30-DEC-25
0.02	0.55	1478804101	30-DEC-25
0.02	0.55	1478804192	30-DEC-25
0	0.8	1478804220	30-DEC-25
0.05	0	1478804235	30-DEC-25
0	0.15	1478804289	30-DEC-25
0	0.5	1478804338	30-DEC-25
0	0.5	1478804443	30-DEC-25
0.3	0	1478804556	30-DEC-25
0.02	0.55	1478804691	30-DEC-25
0.02	0.55	1478804702	30-DEC-25
0	0.5	1478804900	30-DEC-25
0	0.5	1478805205	30-DEC-25
0	0.5	1478805413	30-DEC-25
0	0.5	1478805431	30-DEC-25
0.02	0.55	1478805509	30-DEC-25
0.02	0.55	1478805701	30-DEC-25
0	0.5	1478805758	30-DEC-25
0.02	0.55	1478805805	30-DEC-25
0.02	0.55	1478805913	30-DEC-25
0	0.25	1478806116	30-DEC-25
0	0.5	1478806177	30-DEC-25
0	0.5	1478806180	30-DEC-25
1.2	0	1478806333	30-DEC-25
1.2	0	1478806499	30-DEC-25
0	0.5	1478806504	30-DEC-25
0.2	0	1478806586	30-DEC-25
0.02	1.05	1478806867	30-DEC-25
1	0	1478806900	30-DEC-25
0	0.1	1478807057	30-DEC-25
0.02	0.55	1478807179	30-DEC-25
0.02	0.55	1478807264	30-DEC-25
2	0	1478807332	30-DEC-25
0.48	0	1478807409	30-DEC-25
0	0.3	1478807565	30-DEC-25
0	0.25	1478807720	30-DEC-25
0.02	0.55	1478807850	30-DEC-25
0	0.5	1478807886	30-DEC-25
0.02	0.55	1478807902	30-DEC-25
0.02	1.05	1478807916	30-DEC-25
0.02	1.05	1478808109	30-DEC-25
0.02	0.3	1478808226	30-DEC-25
0.02	0.55	1478808309	30-DEC-25
0	0.5	1478808393	30-DEC-25
0.02	0.55	1478808593	30-DEC-25
0.2	0	1478808699	30-DEC-25
0.02	0.55	1478808873	30-DEC-25
0	0.12	1478808894	30-DEC-25
0.02	0.55	1478809176	30-DEC-25
0	17.3	1478809348	30-DEC-25
0	0.12	1478809361	30-DEC-25
0	0.25	1478809409	30-DEC-25
0	3	1478809683	30-DEC-25
7.9	0	1478810100	30-DEC-25
0.02	0.55	1478810132	30-DEC-25
0.02	0.55	1478810554	30-DEC-25
0	1.3	1478810588	30-DEC-25
0.2	0	1478810739	30-DEC-25
0.3	0	1478810841	30-DEC-25
0	0.2	1478811079	30-DEC-25
0	0.5	1478811454	30-DEC-25
1	0	1478811498	30-DEC-25
0	0.5	1478811659	30-DEC-25
0.02	0.55	1478811718	30-DEC-25
0.02	0.3	1478811726	30-DEC-25
0.02	2.1	1478811798	30-DEC-25
0.02	0.25	1478811817	30-DEC-25
0.02	0.75	1478811826	30-DEC-25
0.2	0	1478811898	30-DEC-25
0	0.25	1478811902	30-DEC-25
0	0.12	1478812012	30-DEC-25
0	0.5	1478812130	30-DEC-25
0	0.3	1478812182	30-DEC-25
3	0	1478812197	30-DEC-25
0	0.5	1478812279	30-DEC-25
0	0.5	1478812351	30-DEC-25
0.4	0	1478812415	30-DEC-25
0.02	0.17	1478812452	30-DEC-25
0.02	0.55	1478812454	30-DEC-25
0.02	0.55	1478812464	30-DEC-25
0.02	0.55	1478812479	30-DEC-25
0.2	0	1478812498	30-DEC-25
0	0.5	1478812500	30-DEC-25
0.1	0	1478812548	30-DEC-25
0	0.5	1478812954	30-DEC-25
0.02	0.55	1478813037	30-DEC-25
0	0.5	1478813254	30-DEC-25
0.02	0.17	1478813308	30-DEC-25
0	5	1478813399	30-DEC-25
1	0	1478813588	30-DEC-25
2	0	1478813728	30-DEC-25
0.02	0.55	1478813736	30-DEC-25
0	0.25	1478813808	30-DEC-25
0	0.43	1478814146	30-DEC-25
0	2	1478814193	30-DEC-25
0.02	1.05	1478814256	30-DEC-25
0.02	0.55	1478814272	30-DEC-25
0.4	0	1478814278	30-DEC-25
0	0.5	1478814329	30-DEC-25
0	1	1478814375	30-DEC-25
0	0.25	1478814403	30-DEC-25
0.5	0	1478814487	30-DEC-25
0.02	0.3	1478814554	30-DEC-25
0	0.8	1478814666	30-DEC-25
0	0.25	1478814722	30-DEC-25
0.02	0.55	1478814729	30-DEC-25
0.17	0	1478814934	30-DEC-25
0.5	0	1478814942	30-DEC-25
0.02	0.75	1478815050	30-DEC-25
0	0.4	1478815118	30-DEC-25
0	0.12	1478815189	30-DEC-25
0	0.5	1478815204	30-DEC-25
0	0.5	1478815261	30-DEC-25
0.12	0	1478815516	30-DEC-25
0	5.5	1478815546	30-DEC-25
5	0	1478815643	30-DEC-25
0.02	0.3	1478815809	30-DEC-25
0	0.5	1478815837	30-DEC-25
0	0.5	1478815858	30-DEC-25
0	0.5	1478816140	30-DEC-25
0.02	0.55	1478816190	30-DEC-25
0.5	0	1478816280	30-DEC-25
0	0.5	1478816392	30-DEC-25
0.4	0	1478816593	30-DEC-25
0.02	0.55	1478816632	30-DEC-25
0	0.5	1478816917	30-DEC-25
0	0.5	1478817026	30-DEC-25
0	0.5	1478817027	30-DEC-25
0	70	1478817130	30-DEC-25
0.1	0	1478817182	30-DEC-25
0.5	0	1478817204	30-DEC-25
0	0.5	1478817244	30-DEC-25
0	3	1478817263	30-DEC-25
0.02	0.55	1478817367	30-DEC-25
0	0.5	1478817383	30-DEC-25
0.02	0.55	1478817420	30-DEC-25
0	0.5	1478817676	30-DEC-25
0	0.5	1478817800	30-DEC-25
0.02	0.55	1478817891	30-DEC-25
0	0.25	1478818057	30-DEC-25
0	0.5	1478818173	30-DEC-25
0	0.5	1478818241	30-DEC-25
0.02	0.55	1478818281	30-DEC-25
0.02	0.55	1478818282	30-DEC-25
0	0.5	1478818304	30-DEC-25
0	0.5	1478818335	30-DEC-25
0	0.25	1478818337	30-DEC-25
0.02	0.55	1478818371	30-DEC-25
0	0.25	1478818396	30-DEC-25
0	0.5	1478818597	30-DEC-25
0.4	0	1478818727	30-DEC-25
0.02	0.55	1478818823	30-DEC-25
0.75	0	1478818826	30-DEC-25
0	0.5	1478818839	30-DEC-25
0	0.5	1478819191	30-DEC-25
0	0.12	1478819303	30-DEC-25
0	0.12	1478819411	30-DEC-25
0.02	0.55	1478819451	30-DEC-25
0	0.25	1478819479	30-DEC-25
0.02	0.55	1478819573	30-DEC-25
0	0.5	1478819628	30-DEC-25
0.02	0.55	1478819811	30-DEC-25
0.02	0.55	1478819852	30-DEC-25
0.02	0.55	1478819897	30-DEC-25
1.5	0	1478820274	30-DEC-25
0	2	1478820285	30-DEC-25
0	0.5	1478820353	30-DEC-25
0.02	0.55	1478820429	30-DEC-25
0.1	0	1478820501	30-DEC-25
1	0	1478820579	30-DEC-25
0.02	0.55	1478820584	30-DEC-25
0.02	0.65	1478820907	30-DEC-25
0.02	0.55	1478820990	30-DEC-25
0	0.5	1478821065	30-DEC-25
0.02	0.55	1478821127	30-DEC-25
0.02	0.55	1478821132	30-DEC-25
0.3	0	1478821472	30-DEC-25
0	0.5	1478821526	30-DEC-25
0.02	0.55	1478821741	30-DEC-25
0.3	0	1478821836	30-DEC-25
0.02	0.55	1478821933	30-DEC-25
0	0.25	1478822105	30-DEC-25
0.02	0.55	1478822107	30-DEC-25
0	0.25	1478822109	30-DEC-25
0	0.5	1478822112	30-DEC-25
0.02	0.75	1478822181	30-DEC-25
0	0.5	1478822197	30-DEC-25
0.02	0.3	1478822285	30-DEC-25
0.02	0.3	1478822479	30-DEC-25
6.3	0	1478822572	30-DEC-25
0.02	2.1	1478822607	30-DEC-25
0	0.5	1478822644	30-DEC-25
0	0.5	1478822718	30-DEC-25
1	0	1478822799	30-DEC-25
0	0.5	1478822913	30-DEC-25
0.02	0.55	1478822933	30-DEC-25
0	0.5	1478823034	30-DEC-25
0	0.5	1478823085	30-DEC-25
0	1.7	1478823251	30-DEC-25
0.5	0	1478823430	30-DEC-25
0.02	0.55	1478823553	30-DEC-25
0	0.5	1478823678	30-DEC-25
0	0.5	1478823716	30-DEC-25
0	1.5	1478823774	30-DEC-25
0.1	0	1478823787	30-DEC-25
0	0.5	1478824221	30-DEC-25
0	0.5	1478824227	30-DEC-25
0	0.25	1478824620	30-DEC-25
0	0.3	1478824792	30-DEC-25
0.02	0.55	1478824845	30-DEC-25
0	0.25	1478824963	30-DEC-25
0	0.25	1478825030	30-DEC-25
0	0.12	1478825148	30-DEC-25
0	0.33	1478825252	30-DEC-25
0	0.25	1478825457	30-DEC-25
15.5	0	1478825484	30-DEC-25
0	0.5	1478825591	30-DEC-25
0	0.1	1478825632	30-DEC-25
0	0.25	1478825663	30-DEC-25
0	0.12	1478825726	30-DEC-25
0.02	0.55	1478825733	30-DEC-25
0.02	0.55	1478825933	30-DEC-25
0.3	0	1478826114	30-DEC-25
0	0.5	1478826244	30-DEC-25
0.02	2.1	1478826246	30-DEC-25
0.02	0.55	1478826694	30-DEC-25
0.02	0.55	1478826706	30-DEC-25
0.5	0	1478826715	30-DEC-25
0.3	0	1478826774	30-DEC-25
0	0.5	1478826807	30-DEC-25
0.02	0.16	1478826854	30-DEC-25
0.6	0	1478826916	30-DEC-25
0	19	1478827377	30-DEC-25
0.3	0	1478827595	30-DEC-25
0	1.6	1478827597	30-DEC-25
0.02	0.55	1478827656	30-DEC-25
0.3	0	1478827696	30-DEC-25
0	0.5	1478827760	30-DEC-25
0.02	0.3	1478827806	30-DEC-25
0	0.12	1478828270	30-DEC-25
0.02	0.55	1478828310	30-DEC-25
0.02	0.55	1478828474	30-DEC-25
0.02	0.55	1478828554	30-DEC-25
0	0.5	1478828756	30-DEC-25
0	0.3	1478828898	30-DEC-25
0	0.5	1478828906	30-DEC-25
0.15	0	1478829055	30-DEC-25
0.02	0.55	1478829242	30-DEC-25
0.02	0.55	1478829267	30-DEC-25
0	0.12	1478829442	30-DEC-25
0	0.5	1478829679	30-DEC-25
0	0.25	1478829845	30-DEC-25
0	10	1478830078	30-DEC-25
3	0	1478830169	30-DEC-25
0.2	0	1478830204	30-DEC-25
0	0.12	1478830262	30-DEC-25
0.02	0.55	1478830360	30-DEC-25
0	0.5	1478830370	30-DEC-25
0	0.5	1478830572	30-DEC-25
0	0.78	1478830972	30-DEC-25
0	0.5	1478831015	30-DEC-25
0.02	0.55	1478831055	30-DEC-25
0.02	0.3	1478831058	30-DEC-25
0	0.5	1478831063	30-DEC-25
0.02	0.55	1478831208	30-DEC-25
0	0.5	1478831237	30-DEC-25
0	0.5	1478831556	30-DEC-25
0	1.8	1478831616	30-DEC-25
0.02	0.55	1478831646	30-DEC-25
0	0.5	1478831825	30-DEC-25
0	0.25	1478831845	30-DEC-25
2	0	1478831883	30-DEC-25
0.02	0.55	1478831912	30-DEC-25
0	0.12	1478832057	30-DEC-25
0	0.5	1478832132	30-DEC-25
0.02	0.45	1478832141	30-DEC-25
0	0.5	1478832221	30-DEC-25
0	0.5	1478832237	30-DEC-25
0.8	0	1478832365	30-DEC-25
0.15	0	1478832380	30-DEC-25
0.1	0	1478832528	30-DEC-25
0	0.12	1478832533	30-DEC-25
0.02	40.1	1478832708	30-DEC-25
0.3	0	1478832876	30-DEC-25
0.02	0.55	1478832951	30-DEC-25
0.02	0.55	1478833016	30-DEC-25
0.2	0	1478833099	30-DEC-25
0	0.5	1478833128	30-DEC-25
0	0.5	1478833148	30-DEC-25
0.02	0.55	1478833309	30-DEC-25
0.02	0.55	1478833439	30-DEC-25
0.4	0	1478833445	30-DEC-25
0.02	0.55	1478833455	30-DEC-25
0.2	0	1478833619	30-DEC-25
0	0.5	1478833643	30-DEC-25
0	0.4	1478833802	30-DEC-25
0.02	0.55	1478833979	30-DEC-25
0	0.12	1478834005	30-DEC-25
4.5	0	1478834182	30-DEC-25
0	0.5	1478834329	30-DEC-25
0.3	0	1478834389	30-DEC-25
0.02	0.55	1478834423	30-DEC-25
0	0.25	1478834430	30-DEC-25
1.5	0	1478834524	30-DEC-25
0	0.5	1478834525	30-DEC-25
0.02	0.55	1478834611	30-DEC-25
0.02	0.55	1478834620	30-DEC-25
0.02	0.2	1478834829	30-DEC-25
0	0.25	1478834978	30-DEC-25
0.5	0	1478834992	30-DEC-25
0.02	0.55	1478835025	30-DEC-25
0	0.5	1478835146	30-DEC-25
0	0.5	1478835255	30-DEC-25
0	0.5	1478835503	30-DEC-25
0.02	0.55	1478835583	30-DEC-25
0	0.2	1478835603	30-DEC-25
0	0.5	1478835730	30-DEC-25
0.02	0.55	1478835801	30-DEC-25
0	0.5	1478835877	30-DEC-25
0	0.5	1478836176	30-DEC-25
0	10	1478836240	30-DEC-25
0.02	8.1	1478836300	30-DEC-25
0	0.25	1478836411	30-DEC-25
0.02	0.55	1478836505	30-DEC-25
0.2	0	1478836561	30-DEC-25
0	0.25	1478836682	30-DEC-25
0	0.5	1478836763	30-DEC-25
0	0.5	1478836943	30-DEC-25
0	0.14	1478837048	30-DEC-25
0.02	0.55	1478837176	30-DEC-25
0	0.6	1478837301	30-DEC-25
0.5	0	1478837355	30-DEC-25
2	0	1478837392	30-DEC-25
0	0.5	1478837580	30-DEC-25
0.1	0	1478837625	30-DEC-25
0	0.5	1478837627	30-DEC-25
0.04	0	1478837933	30-DEC-25
0	0.5	1478838138	30-DEC-25
0.02	0.55	1478838461	30-DEC-25
0	0.5	1478838477	30-DEC-25
0	0.5	1478838590	30-DEC-25
3	0	1478838774	30-DEC-25
0	0.12	1478839088	30-DEC-25
0	0.5	1478839313	30-DEC-25
0	0.5	1478839392	30-DEC-25
0	0.5	1478839794	30-DEC-25
0	0.5	1478839830	30-DEC-25
0.02	0.35	1478839848	30-DEC-25
0.3	0	1478840432	30-DEC-25
0	0.5	1478840524	30-DEC-25
0.02	0.55	1478840572	30-DEC-25
0	0.5	1478840579	30-DEC-25
0.02	0.55	1478840583	30-DEC-25
0	1	1478840620	30-DEC-25
0	0.5	1478841396	30-DEC-25
0.5	0	1478841482	30-DEC-25
0	0.5	1478841808	30-DEC-25
2	0	1478841821	30-DEC-25
0	0.75	1478841887	30-DEC-25
0	0.25	1478842083	30-DEC-25
0.02	0.55	1478842093	30-DEC-25
0	0.25	1478842104	30-DEC-25
0	0.25	1478842369	30-DEC-25
0	0.5	1478842812	30-DEC-25
0	0.5	1478843306	30-DEC-25
0.02	0.55	1478843319	30-DEC-25
0	0.25	1478843492	30-DEC-25
0	0.5	1478843678	30-DEC-25
0	0.25	1478843712	30-DEC-25
0	0.5	1478843723	30-DEC-25
0.02	0.55	1478843792	30-DEC-25
0	0.25	1478843977	30-DEC-25
2.5	0	1478844037	30-DEC-25
0	0.48	1478844182	30-DEC-25
0	0.5	1478844580	30-DEC-25
0.02	0.55	1478844582	30-DEC-25
0.02	0.55	1478844655	30-DEC-25
0	0.5	1478844740	30-DEC-25
0.02	0.17	1478844777	30-DEC-25
1.7	0	1478845087	30-DEC-25
1.5	0	1478845271	30-DEC-25
0.02	0.3	1478845316	30-DEC-25
4.5	0	1478845338	30-DEC-25
0	0.5	1478845648	30-DEC-25
0	0.5	1478845680	30-DEC-25
0.02	0.55	1478845728	30-DEC-25
0	0.5	1478845777	30-DEC-25
0.25	0	1478845842	30-DEC-25
0.5	0	1478845857	30-DEC-25
0.02	0.55	1478845887	30-DEC-25
0.02	0.55	1478846075	30-DEC-25
0.02	0.55	1478846091	30-DEC-25
0	0.5	1478846133	30-DEC-25
0.02	0.55	1478846233	30-DEC-25
0.02	0.55	1478846242	30-DEC-25
0.02	0.55	1478846282	30-DEC-25
0.02	0.55	1478846287	30-DEC-25
0.02	0.55	1478846353	30-DEC-25
0	0.5	1478846830	30-DEC-25
0	0.12	1478846992	30-DEC-25
0.25	0	1478847247	30-DEC-25
0.02	0.55	1478847249	30-DEC-25
0.02	0.3	1478847384	30-DEC-25
0.02	0.55	1478847489	30-DEC-25
0	0.5	1478848294	30-DEC-25
0	0.12	1478848324	30-DEC-25
0	1.5	1478848348	30-DEC-25
0.1	0	1478848400	30-DEC-25
0.02	0.55	1478848446	30-DEC-25
0	0.5	1478848510	30-DEC-25
0	0.5	1478848610	30-DEC-25
0	0.12	1478848619	30-DEC-25
0	0.5	1478848653	30-DEC-25
0.02	0.55	1478848729	30-DEC-25
0.4	0	1478848750	30-DEC-25
0	0.12	1478848823	30-DEC-25
0	0.79	1478848851	30-DEC-25
0	0.5	1478849265	30-DEC-25
0	0.5	1478849545	30-DEC-25
0.02	0.55	1478849678	30-DEC-25
0	0.5	1478849728	30-DEC-25
0.5	0	1478849801	30-DEC-25
0	0.5	1478849832	30-DEC-25
0	0.5	1478850032	30-DEC-25
0.02	0.55	1478850068	30-DEC-25
0	0.5	1478850082	30-DEC-25
0.6	0	1478850094	30-DEC-25
0.02	0.65	1478850144	30-DEC-25
0	0.5	1478850693	30-DEC-25
0.2	0	1478850962	30-DEC-25
2	0	1478851038	30-DEC-25
0	0.5	1478851361	30-DEC-25
0	0.5	1478851642	30-DEC-25
0	0.5	1478851651	30-DEC-25
0.02	0.55	1478851686	30-DEC-25
0.02	0.55	1478851754	30-DEC-25
0.02	0.55	1478851999	30-DEC-25
0	0.5	1478852098	30-DEC-25
2.5	0	1478852149	30-DEC-25
0.5	0	1478852150	30-DEC-25
0.02	0.55	1478852177	30-DEC-25
0.02	0.55	1478852554	30-DEC-25
0	0.5	1478852567	30-DEC-25
2.1	0	1478852614	30-DEC-25
0.02	1.05	1478852667	30-DEC-25
0.02	0.3	1478852744	30-DEC-25
0.2	0	1478852898	30-DEC-25
0	2.4	1478852924	30-DEC-25
0	0.5	1478853102	30-DEC-25
0	0.3	1478853179	30-DEC-25
0	2	1478853278	30-DEC-25
0.3	0	1478853358	30-DEC-25
3	0	1478853603	30-DEC-25
0.6	0	1478853629	30-DEC-25
0.02	0.55	1478853822	30-DEC-25
0.2	0	1478853981	30-DEC-25
0.02	0.55	1478854483	30-DEC-25
0.02	0.55	1478854661	30-DEC-25
0.02	1.05	1478854885	30-DEC-25
5.6	0	1478855085	30-DEC-25
0.02	0.55	1478855183	30-DEC-25
0.3	0	1478855522	30-DEC-25
0	0.5	1478855578	30-DEC-25
0	0.12	1478855648	30-DEC-25
0.8	0	1478855746	30-DEC-25
0	0.5	1478856030	30-DEC-25
2	0	1478856151	30-DEC-25
0.02	0.55	1478856294	30-DEC-25
1	0	1478856309	30-DEC-25
0.02	0.55	1478856467	30-DEC-25
0.02	0.55	1478856481	30-DEC-25
0.02	0.55	1478856495	30-DEC-25
0	0.5	1478856592	30-DEC-25
0.02	0.55	1478856689	30-DEC-25
0.6	0	1478856716	30-DEC-25
0.02	0.55	1478856799	30-DEC-25
0	0.21	1478856832	30-DEC-25
9	0	1478856861	30-DEC-25
0	0.5	1478856932	30-DEC-25
0	0.5	1478857026	30-DEC-25
0	0.12	1478857142	30-DEC-25
0.1	0	1478857196	30-DEC-25
0	0.2	1478857319	30-DEC-25
0.02	0.3	1478857335	30-DEC-25
0.02	0.55	1478857358	30-DEC-25
0	0.25	1478857366	30-DEC-25
0	0.5	1478857461	30-DEC-25
0.02	0.55	1478857478	30-DEC-25
0.02	0.55	1478857639	30-DEC-25
0.02	0.55	1478857671	30-DEC-25
0	0.1	1478857682	30-DEC-25
0	0.25	1478857950	30-DEC-25
0.02	0.35	1478858042	30-DEC-25
0.02	0.55	1478858060	30-DEC-25
0	0.16	1478858119	30-DEC-25
1	0	1478858137	30-DEC-25
0	1	1478858167	30-DEC-25
0.02	0.55	1478858220	30-DEC-25
0	0.25	1478858229	30-DEC-25
0	0.5	1478858291	30-DEC-25
0	0.4	1478858350	30-DEC-25
0	1	1478858376	30-DEC-25
0	0.5	1478858533	30-DEC-25
0.3	0	1478858554	30-DEC-25
0	0.5	1478858590	30-DEC-25
0.02	0.55	1478858592	30-DEC-25
110	0	1478858611	30-DEC-25
0.02	0.17	1478858657	30-DEC-25
2.5	0	1478858691	30-DEC-25
0.15	0	1478858697	30-DEC-25
0	0.5	1478858754	30-DEC-25
0.02	0.55	1478858826	30-DEC-25
0.02	0.55	1478858899	30-DEC-25
0	0.5	1478858960	30-DEC-25
0.5	0	1478858999	30-DEC-25
0	0.5	1478859146	30-DEC-25
0	0.5	1478859213	30-DEC-25
0.1	0	1478859254	30-DEC-25
0.5	0	1478859304	30-DEC-25
0.2	0	1478859333	30-DEC-25
1	0	1478859894	30-DEC-25
0.02	0.55	1478859935	30-DEC-25
0.3	0	1478859983	30-DEC-25
0.02	0.55	1478860135	30-DEC-25
0.02	1.05	1478860183	30-DEC-25
0	0.5	1478860257	30-DEC-25
0.02	0.55	1478860356	30-DEC-25
0.02	0.55	1478860467	30-DEC-25
0	0.25	1478860573	30-DEC-25
0.3	0	1478860583	30-DEC-25
0.02	0.35	1478860627	30-DEC-25
0	0.5	1478860629	30-DEC-25
0.02	0.55	1478860813	30-DEC-25
0.02	0.55	1478860981	30-DEC-25
0	0.5	1478861034	30-DEC-25
0.02	0.3	1478861189	30-DEC-25
0	0.5	1478861278	30-DEC-25
0.02	0.55	1478861545	30-DEC-25
0	0.5	1478861709	30-DEC-25
0	0.5	1478861747	30-DEC-25
0	0.25	1478861798	30-DEC-25
0.02	0.55	1478861823	30-DEC-25
0.02	0.55	1478861919	30-DEC-25
0	0.25	1478862020	30-DEC-25
0.02	0.55	1478862114	30-DEC-25
0.02	0.55	1478862156	30-DEC-25
0.02	0.55	1478862334	30-DEC-25
0	0.5	1478862343	30-DEC-25
0	0.13	1478862456	30-DEC-25
0	0.2	1478862509	30-DEC-25
0	0.25	1478862538	30-DEC-25
0	0.25	1478862694	30-DEC-25
0	0.5	1478863032	30-DEC-25
0	0.5	1478863148	30-DEC-25
0	0.5	1478863150	30-DEC-25
0	0.5	1478863410	30-DEC-25
0	0.5	1478863419	30-DEC-25
0	0.5	1478863455	30-DEC-25
0	0.5	1478863520	30-DEC-25
0.02	0.55	1478863628	30-DEC-25
0.02	0.55	1478863636	30-DEC-25
0.1	0	1478863640	30-DEC-25
0	0.5	1478863709	30-DEC-25
0	0.5	1478863712	30-DEC-25
0.02	0.55	1478863718	30-DEC-25
0.02	0.55	1478863776	30-DEC-25
0	0.5	1478863782	30-DEC-25
5.5	0	1478863824	30-DEC-25
0.02	0.55	1478863954	30-DEC-25
0.02	0.55	1478864038	30-DEC-25
0	0.5	1478864299	30-DEC-25
0.02	0.55	1478864475	30-DEC-25
0	0.5	1478864637	30-DEC-25
1	0	1478864709	30-DEC-25
0	0.5	1478864712	30-DEC-25
0	0.2	1478864965	30-DEC-25
0	0.25	1478864972	30-DEC-25
0	0.5	1478865100	30-DEC-25
0	0.12	1478865202	30-DEC-25
0.7	0	1478865226	30-DEC-25
0.4	0	1478865251	30-DEC-25
0	0.25	1478865344	30-DEC-25
0	0.5	1478865508	30-DEC-25
0.02	0.55	1478865576	30-DEC-25
1	0	1478865686	30-DEC-25
0	0.5	1478865787	30-DEC-25
0.02	0.65	1478865924	30-DEC-25
0	0.12	1478866043	30-DEC-25
0.35	0	1478866045	30-DEC-25
0.02	0.55	1478866049	30-DEC-25
0.25	0	1478866097	30-DEC-25
0	0.25	1478866192	30-DEC-25
0.02	0.55	1478866194	30-DEC-25
0.02	0.55	1478866322	30-DEC-25
0.3	0	1478866324	30-DEC-25
0	0.5	1478866578	30-DEC-25
0	0.5	1478866708	30-DEC-25
0	0.5	1478866807	30-DEC-25
0	0.25	1478866821	30-DEC-25
0	2	1478866863	30-DEC-25
0.02	0.65	1478867028	30-DEC-25
0.02	0.55	1478867099	30-DEC-25
0.02	1.05	1478867189	30-DEC-25
0.02	0.55	1478867316	30-DEC-25
0	0.5	1478867589	30-DEC-25
0.02	0.55	1478867782	30-DEC-25
0.02	0.55	1478867856	30-DEC-25
0	0.25	1478867938	30-DEC-25
0.02	0.55	1478867987	30-DEC-25
0.02	0.55	1478868116	30-DEC-25
0.02	0.35	1478868119	30-DEC-25
0.02	0.55	1478868191	30-DEC-25
0.02	0.55	1478868640	30-DEC-25
0.02	0.55	1478868733	30-DEC-25
0	0.5	1478868787	30-DEC-25
0	0.5	1478868871	30-DEC-25
0	0.5	1478868925	30-DEC-25
0	0.5	1478869058	30-DEC-25
0.02	0.55	1478869096	30-DEC-25
0	0.5	1478869465	30-DEC-25
0.5	0	1478869658	30-DEC-25
0.02	0.55	1478869674	30-DEC-25
0.02	0.55	1478869714	30-DEC-25
0.1	0	1478869769	30-DEC-25
0	0.25	1478869934	30-DEC-25
0.02	0.55	1478869959	30-DEC-25
0	0.12	1478870039	30-DEC-25
0.02	0.55	1478870180	30-DEC-25
0	0.1	1478870210	30-DEC-25
0.02	0.55	1478870367	30-DEC-25
0	0.1	1478870400	30-DEC-25
0	0.5	1478870468	30-DEC-25
0.02	0.55	1478870526	30-DEC-25
0.84	0	1478870546	30-DEC-25
0.2	0	1478870611	30-DEC-25
0	0.5	1478870624	30-DEC-25
0.02	0.55	1478870642	30-DEC-25
0	0.5	1478870652	30-DEC-25
0	3	1478870760	30-DEC-25
1	0	1478870987	30-DEC-25
1.5	0	1478871009	30-DEC-25
3	0	1478871027	30-DEC-25
0.02	0.55	1478871344	30-DEC-25
0	0.12	1478871355	30-DEC-25
0	0.5	1478871376	30-DEC-25
0	0.5	1478871386	30-DEC-25
0	0.25	1478871406	30-DEC-25
0	0.5	1478871585	30-DEC-25
0	0.5	1478871620	30-DEC-25
0	0.5	1478871825	30-DEC-25
0.02	0.17	1478871933	30-DEC-25
0.02	0.55	1478871955	30-DEC-25
0	0.5	1478871978	30-DEC-25
0.02	0.55	1478872066	30-DEC-25
0	0.12	1478872086	30-DEC-25
0.02	0.55	1478872222	30-DEC-25
0.7	0	1478872250	30-DEC-25
0.2	0	1478872255	30-DEC-25
0	0.5	1478872327	30-DEC-25
0.25	0	1478872366	30-DEC-25
3	0	1478872391	30-DEC-25
0	0.5	1478872433	30-DEC-25
0	0.3	1478872501	30-DEC-25
0	0.25	1478872551	30-DEC-25
0.02	0.55	1478872594	30-DEC-25
0	0.5	1478872634	30-DEC-25
0	0.5	1478872791	30-DEC-25
5	0	1478872873	30-DEC-25
0	0.5	1478872992	30-DEC-25
0	0.5	1478873020	30-DEC-25
1	0	1478873402	30-DEC-25
1.5	0	1478873555	30-DEC-25
0	0.25	1478873635	30-DEC-25
0.02	0.55	1478873769	30-DEC-25
0.02	0.55	1478873793	30-DEC-25
0	0.5	1478873813	30-DEC-25
0.1	0	1478873821	30-DEC-25
0.3	0	1478873879	30-DEC-25
0.02	0.55	1478873995	30-DEC-25
0	0.5	1478874011	30-DEC-25
0.02	0.55	1478874032	30-DEC-25
0	0.5	1478874037	30-DEC-25
0.02	0.55	1478874162	30-DEC-25
0.02	0.55	1478874399	30-DEC-25
0	0.12	1478874453	30-DEC-25
0.02	0.55	1478874646	30-DEC-25
0	0.1	1478874706	30-DEC-25
0	0.12	1478874711	30-DEC-25
0	0.5	1478875060	30-DEC-25
0.02	0.55	1478875143	30-DEC-25
0.2	0	1478875345	30-DEC-25
0.02	0.55	1478875355	30-DEC-25
0.02	0.3	1478875372	30-DEC-25
0.02	0.55	1478875406	30-DEC-25
0	0.5	1478875495	30-DEC-25
0.02	0.55	1478875529	30-DEC-25
0	0.12	1478875542	30-DEC-25
0	0.5	1478875562	30-DEC-25
0	1.5	1478875651	30-DEC-25
0	0.5	1478875661	30-DEC-25
0.02	20.0625	1478875714	30-DEC-25
0	0.3	1478875740	30-DEC-25
0	0.5	1478875806	30-DEC-25
0	0.5	1478875818	30-DEC-25
0.02	0.55	1478875903	30-DEC-25
0	0.5	1478876061	30-DEC-25
0.5	0	1478876121	30-DEC-25
0	0.5	1478876167	30-DEC-25
0.02	0.3	1478876215	30-DEC-25
17.5	0	1478876221	30-DEC-25
0	0.5	1478876358	30-DEC-25
0	0.2	1478876390	30-DEC-25
0	0.25	1478876443	30-DEC-25
0	0.2	1478876484	30-DEC-25
0	20	1478876504	30-DEC-25
0	0.5	1478876526	30-DEC-25
0	0.5	1478876599	30-DEC-25
0	7	1478876668	30-DEC-25
0.1	0	1478876734	30-DEC-25
0.02	0.55	1478876772	30-DEC-25
0.02	0.55	1478876812	30-DEC-25
0	0.5	1478876863	30-DEC-25
1.5	0	1478876904	30-DEC-25
0	0.5	1478876933	30-DEC-25
0.02	0.55	1478877130	30-DEC-25
0.02	0.55	1478877232	30-DEC-25
0.02	0.55	1478877248	30-DEC-25
0.3	0	1478877444	30-DEC-25
0	0.12	1478877445	30-DEC-25
0	0.5	1478877537	30-DEC-25
0.02	0.55	1478877635	30-DEC-25
0	0.5	1478877679	30-DEC-25
0.46	0	1478877681	30-DEC-25
0.02	0.3	1478877682	30-DEC-25
0.1	0	1478877853	30-DEC-25
0	0.5	1478877892	30-DEC-25
0	0.5	1478877915	30-DEC-25
0	0.5	1478877931	30-DEC-25
0	0.25	1478878070	30-DEC-25
0	0.5	1478878113	30-DEC-25
0.02	0.55	1478878125	30-DEC-25
0	0.5	1478878232	30-DEC-25
0.02	0.55	1478878300	30-DEC-25
1	0	1478878422	30-DEC-25
0.25	0	1478878440	30-DEC-25
0	0.5	1478878478	30-DEC-25
0	0.25	1478878631	30-DEC-25
0	0.5	1478878691	30-DEC-25
0	6.5	1478878713	30-DEC-25
0	0.5	1478878744	30-DEC-25
0	0.1	1478878875	30-DEC-25
0.02	0.55	1478878892	30-DEC-25
0	0.5	1478878893	30-DEC-25
0	0.5	1478878921	30-DEC-25
0.02	0.17	1478878968	30-DEC-25
0.02	0.17	1478879023	30-DEC-25
0	0.5	1478879111	30-DEC-25
0	0.5	1478879114	30-DEC-25
1	0	1478879246	30-DEC-25
0	0.5	1478879316	30-DEC-25
0	0.5	1478879434	30-DEC-25
0.02	0.55	1478879439	30-DEC-25
0	2	1478879448	30-DEC-25
0	0.5	1478879561	30-DEC-25
0.02	0.55	1478879574	30-DEC-25
0.02	0.55	1478879833	30-DEC-25
0.02	0.55	1478879988	30-DEC-25
0.3	0	1478880038	30-DEC-25
0.02	0.25	1478880130	30-DEC-25
0.02	0.45	1478880249	30-DEC-25
0.02	0.55	1478880350	30-DEC-25
0	0.25	1478880363	30-DEC-25
0.5	0	1478880411	30-DEC-25
0	0.5	1478880490	30-DEC-25
0.02	1.05	1478880544	30-DEC-25
0.02	0.55	1478880548	30-DEC-25
0	0.5	1478880603	30-DEC-25
0	0.5	1478880637	30-DEC-25
0	0.5	1478880686	30-DEC-25
0	0.5	1478880772	30-DEC-25
0.1	0	1478880795	30-DEC-25
0	0.5	1478880804	30-DEC-25
0	0.5	1478880809	30-DEC-25
0.8	0	1478880845	30-DEC-25
0.2	0	1478881049	30-DEC-25
0.5	0	1478881175	30-DEC-25
0.02	0.55	1478881297	30-DEC-25
0	0.5	1478881310	30-DEC-25
0	0.25	1478881502	30-DEC-25
0	0.12	1478881540	30-DEC-25
0	0.25	1478881585	30-DEC-25
0	0.5	1478881917	30-DEC-25
0	0.5	1478881966	30-DEC-25
25	0	1478882042	30-DEC-25
0	0.5	1478882181	30-DEC-25
0.02	0.55	1478882198	30-DEC-25
0.02	0.55	1478882206	30-DEC-25
0.02	0.55	1478882245	30-DEC-25
0	0.12	1478882270	30-DEC-25
0.25	0	1478882286	30-DEC-25
0	0.5	1478882318	30-DEC-25
0	0.5	1478882538	30-DEC-25
0	0.25	1478882802	30-DEC-25
0.02	0.55	1478882851	30-DEC-25
0.02	0.3	1478883287	30-DEC-25
0	0.3	1478883363	30-DEC-25
0	0.25	1478883437	30-DEC-25
0.02	0.55	1478883698	30-DEC-25
0	0.25	1478883912	30-DEC-25
0.02	0.55	1478883925	30-DEC-25
0.02	0.55	1478883982	30-DEC-25
0	0.5	1478883996	30-DEC-25
0.02	1.05	1478884211	30-DEC-25
0.02	0.55	1478884220	30-DEC-25
0.02	0.55	1478884263	30-DEC-25
0	0.4	1478884327	30-DEC-25
0.02	0.3	1478884519	30-DEC-25
0.02	9.1	1478884521	30-DEC-25
0	0.5	1478884531	30-DEC-25
0.3	0	1478884633	30-DEC-25
0	0.25	1478884636	30-DEC-25
0.1	0	1478884723	30-DEC-25
0.3	0	1478884742	30-DEC-25
0	0.25	1478884834	30-DEC-25
0.02	0.55	1478884895	30-DEC-25
0.02	0.55	1478884918	30-DEC-25
0	0.5	1478884981	30-DEC-25
0	0.5	1478884984	30-DEC-25
15	0	1478884991	30-DEC-25
0.02	0.55	1478885093	30-DEC-25
0	0.5	1478885121	30-DEC-25
0	0.12	1478885196	30-DEC-25
0	0.5	1478885248	30-DEC-25
0	0.5	1478885273	30-DEC-25
0.02	0.55	1478885309	30-DEC-25
0.02	1.05	1478885362	30-DEC-25
0	0.12	1478885370	30-DEC-25
0.02	0.55	1478885379	30-DEC-25
0	0.3	1478885418	30-DEC-25
0	0.5	1478885529	30-DEC-25
0	0.5	1478885531	30-DEC-25
0	0.5	1478885587	30-DEC-25
0.5	0	1478885662	30-DEC-25
0	0.5	1478885783	30-DEC-25
0	1.4	1478885818	30-DEC-25
0.02	0.55	1478886032	30-DEC-25
0.5	0	1478886039	30-DEC-25
0.02	0.55	1478886084	30-DEC-25
0.02	0.55	1478886136	30-DEC-25
0.02	0.55	1478886138	30-DEC-25
0	0.5	1478886199	30-DEC-25
0	0.25	1478886267	30-DEC-25
0.02	0.17	1478886288	30-DEC-25
0	0.25	1478886289	30-DEC-25
0.02	1.05	1478886369	30-DEC-25
0.02	0.55	1478886451	30-DEC-25
0.02	0.55	1478886472	30-DEC-25
0.02	0.55	1478886530	30-DEC-25
0	0.5	1478886567	30-DEC-25
0	0.5	1478886578	30-DEC-25
0	0.12	1478886736	30-DEC-25
0	0.5	1478886822	30-DEC-25
0	0.5	1478886878	30-DEC-25
0.02	0.55	1478887022	30-DEC-25
0	0.5	1478887035	30-DEC-25
0	0.5	1478887447	30-DEC-25
0.25	0	1478887521	30-DEC-25
0	0.5	1478887525	30-DEC-25
0.02	0.55	1478887570	30-DEC-25
0.02	0.55	1478887589	30-DEC-25
0.7	0	1478887603	30-DEC-25
0	0.5	1478887626	30-DEC-25
1.5	0	1478887693	30-DEC-25
0	0.5	1478887750	30-DEC-25
0.02	0.55	1478887757	30-DEC-25
0.02	0.55	1478887857	30-DEC-25
0.02	0.55	1478887881	30-DEC-25
0	0.5	1478887903	30-DEC-25
0	0.5	1478888330	30-DEC-25
0.02	0.55	1478888370	30-DEC-25
5	0	1478888428	30-DEC-25
0	0.5	1478888478	30-DEC-25
0	0.5	1478888537	30-DEC-25
0	0.5	1478888587	30-DEC-25
0	0.5	1478888885	30-DEC-25
0	0.5	1478889044	30-DEC-25
0	0.12	1478889061	30-DEC-25
0	0.5	1478889134	30-DEC-25
0	0.5	1478889220	30-DEC-25
0.02	1.05	1478889236	30-DEC-25
0.1	0	1478889286	30-DEC-25
0	0.5	1478889354	30-DEC-25
0.02	0.45	1478889367	30-DEC-25
10	0	1478889753	30-DEC-25
1.5	0	1478889814	30-DEC-25
0.02	0.55	1478889838	30-DEC-25
0	0.25	1478889854	30-DEC-25
0	0.5	1478889857	30-DEC-25
0	0.12	1478889884	30-DEC-25
0.3	0	1478889907	30-DEC-25
0.02	0.55	1478889993	30-DEC-25
0	0.5	1478890110	30-DEC-25
0.02	0.55	1478890140	30-DEC-25
0	0.9	1478890181	30-DEC-25
6	0	1478890255	30-DEC-25
0	0.5	1478890315	30-DEC-25
0.02	0.55	1478890331	30-DEC-25
0	0.5	1478890405	30-DEC-25
0.02	0.55	1478890436	30-DEC-25
0	0.7	1478890623	30-DEC-25
0	0.5	1478890653	30-DEC-25
0	0.5	1478890727	30-DEC-25
1	0	1478890770	30-DEC-25
0	0.5	1478890945	30-DEC-25
0	0.5	1478891015	30-DEC-25
0	0.12	1478891020	30-DEC-25
0.02	0.55	1478891092	30-DEC-25
0.02	0.55	1478891117	30-DEC-25
0	0.5	1478891400	30-DEC-25
0	0.5	1478891496	30-DEC-25
0	0.25	1478891625	30-DEC-25
0	0.5	1478891670	30-DEC-25
0.3	0	1478891724	30-DEC-25
0.02	0.55	1478891869	30-DEC-25
0	0.5	1478891965	30-DEC-25
0	0.5	1478891980	30-DEC-25
0.02	0.55	1478892027	30-DEC-25
0	0.5	1478892165	30-DEC-25
0	0.25	1478892184	30-DEC-25
0	0.25	1478892220	30-DEC-25
0	0.5	1478892282	30-DEC-25
0	0.5	1478892386	30-DEC-25
0.25	0	1478892602	30-DEC-25
0.02	0.55	1478892771	30-DEC-25
0	0.12	1478892802	30-DEC-25
0	0.5	1478892807	30-DEC-25
0	0.5	1478892876	30-DEC-25
0.3	0	1478892924	30-DEC-25
0	3	1478893034	30-DEC-25
0	0.5	1478893130	30-DEC-25
0	2.9	1478893229	30-DEC-25
0	0.5	1478893258	30-DEC-25
0	0.5	1478893294	30-DEC-25
0.02	0.55	1478893356	30-DEC-25
0.02	0.65	1478893397	30-DEC-25
0	0.5	1478893504	30-DEC-25
0	1	1478893549	30-DEC-25
0.02	0.55	1478893684	30-DEC-25
0	0.5	1478893717	30-DEC-25
0.02	0.3	1478893745	30-DEC-25
0	0.25	1478893759	30-DEC-25
0	0.25	1478893840	30-DEC-25
0.02	0.55	1478894002	30-DEC-25
0	0.25	1478894022	30-DEC-25
0	0.5	1478894224	30-DEC-25
0	0.5	1478894279	30-DEC-25
0	0.12	1478894344	30-DEC-25
0	0.5	1478894362	30-DEC-25
0.5	0	1478894368	30-DEC-25
4.5	0	1478894415	30-DEC-25
0.3	0	1478894505	30-DEC-25
0.02	0.55	1478894657	30-DEC-25
0.02	1.05	1478894932	30-DEC-25
0	0.5	1478895051	30-DEC-25
0	0.5	1478895116	30-DEC-25
0.02	0.65	1478895147	30-DEC-25
0	1	1478895251	30-DEC-25
0.2	0	1478895274	30-DEC-25
0.2	0	1478895281	30-DEC-25
0.02	0.55	1478895438	30-DEC-25
0.02	0.55	1478895455	30-DEC-25
0	0.5	1478895602	30-DEC-25
0	0.5	1478895605	30-DEC-25
0	0.5	1478895623	30-DEC-25
0	0.5	1478895716	30-DEC-25
0	0.5	1478895758	30-DEC-25
0	0.12	1478895777	30-DEC-25
0	0.5	1478895871	30-DEC-25
1.8	0	1478895981	30-DEC-25
0.02	2.1	1478895997	30-DEC-25
0.02	0.55	1478896080	30-DEC-25
0.02	0.55	1478896160	30-DEC-25
0.02	0.55	1478896214	30-DEC-25
0	0.5	1478896231	30-DEC-25
0	0.5	1478896347	30-DEC-25
2	0	1478896430	30-DEC-25
0	1	1478896436	30-DEC-25
0	3	1478896451	30-DEC-25
0.02	0.55	1478896502	30-DEC-25
0.02	0.55	1478896530	30-DEC-25
0.2	0	1478896570	30-DEC-25
0.02	0.3	1478896614	30-DEC-25
0	0.5	1478896679	30-DEC-25
0	0.5	1478896696	30-DEC-25
0	0.12	1478896720	30-DEC-25
0	0.25	1478896785	30-DEC-25
5	0	1478896984	30-DEC-25
0.2	0	1478897006	30-DEC-25
0	0.25	1478897110	30-DEC-25
0	0.5	1478897225	30-DEC-25
0.02	0.55	1478897300	30-DEC-25
0.02	0.55	1478897345	30-DEC-25
0	0.5	1478897588	30-DEC-25
0	0.25	1478897605	30-DEC-25
0	0.5	1478897761	30-DEC-25
0	0.25	1478897778	30-DEC-25
0	0.5	1478897824	30-DEC-25
0	0.5	1478897897	30-DEC-25
0	1	1478897902	30-DEC-25
0.02	0.55	1478897961	30-DEC-25
0	0.5	1478898049	30-DEC-25
0	0.25	1478898105	30-DEC-25
0	0.25	1478898145	30-DEC-25
0.02	0.55	1478898149	30-DEC-25
0	0.5	1478898273	30-DEC-25
0	0.5	1478898274	30-DEC-25
0.05	0	1478898349	30-DEC-25
0	0.1	1478898355	30-DEC-25
0.02	0.55	1478898486	30-DEC-25
0	0.5	1478898706	30-DEC-25
0.02	0.55	1478898710	30-DEC-25
0	0.5	1478898711	30-DEC-25
0	0.5	1478898771	30-DEC-25
0	0.5	1478898815	30-DEC-25
0	0.5	1478898826	30-DEC-25
0.4	0	1478899020	30-DEC-25
0	0.5	1478899022	30-DEC-25
0	0.5	1478899081	30-DEC-25
0.02	0.55	1478899092	30-DEC-25
0	0.12	1478899107	30-DEC-25
0.05	0	1478899121	30-DEC-25
0.02	0.55	1478899302	30-DEC-25
0	0.5	1478899330	30-DEC-25
0.02	0.55	1478899338	30-DEC-25
0.7	0	1478899382	30-DEC-25
0.02	0.55	1478899476	30-DEC-25
0	0.12	1478899638	30-DEC-25
2	0	1478899725	30-DEC-25
0.02	0.55	1478899779	30-DEC-25
0.4	0	1478899817	30-DEC-25
0.02	0.55	1478899837	30-DEC-25
0	0.5	1478899842	30-DEC-25
0.02	0.17	1478899873	30-DEC-25
2.5	0	1478899942	30-DEC-25
0	0.5	1478899997	30-DEC-25
0.02	0.55	1478900064	30-DEC-25
0.02	0.55	1478900070	30-DEC-25
0	0.5	1478900147	30-DEC-25
0	2	1478900158	30-DEC-25
0	0.5	1478900190	30-DEC-25
0.02	0.55	1478900198	30-DEC-25
0	0.1	1478900227	30-DEC-25
0	0.25	1478900290	30-DEC-25
0	0.5	1478900489	30-DEC-25
0	0.2	1478900661	30-DEC-25
0	0.5	1478900673	30-DEC-25
0.02	0.55	1478900691	30-DEC-25
0	0.5	1478900803	30-DEC-25
0	0.5	1478900941	30-DEC-25
0	0.5	1478901091	30-DEC-25
0	0.5	1478901140	30-DEC-25
0	0.5	1478901156	30-DEC-25
0.02	0.55	1478901207	30-DEC-25
2	0	1478901269	30-DEC-25
0	1	1478901285	30-DEC-25
0	0.5	1478901292	30-DEC-25
0	0.25	1478901380	30-DEC-25
0	0.12	1478901480	30-DEC-25
0	0.5	1478901499	30-DEC-25
0.02	0.55	1478901790	30-DEC-25
0.02	0.55	1478901800	30-DEC-25
0	0.7	1478901815	30-DEC-25
0	0.12	1478901904	30-DEC-25
0	0.5	1478901941	30-DEC-25
0	0.5	1478901986	30-DEC-25
0.5	0	1478902017	30-DEC-25
0.7	0	1478902023	30-DEC-25
0	0.5	1478902086	30-DEC-25
0	0.5	1478902127	30-DEC-25
0.5	0	1478902263	30-DEC-25
0.25	0	1478902325	30-DEC-25
1.5	0	1478902525	30-DEC-25
0.02	0.55	1478902532	30-DEC-25
0.02	1.05	1478902563	30-DEC-25
0	0.1	1478902615	30-DEC-25
0	0.25	1478902730	30-DEC-25
0.02	0.55	1478902758	30-DEC-25
0.02	0.3	1478902793	30-DEC-25
0.02	0.55	1478902849	30-DEC-25
0	0.5	1478903109	30-DEC-25
0.02	1.6	1478903251	30-DEC-25
0	5.5	1478903300	30-DEC-25
0	0.5	1478903312	30-DEC-25
0	0.5	1478903323	30-DEC-25
0.02	0.55	1478903371	30-DEC-25
0	0.25	1478903414	30-DEC-25
0.5	0	1478903420	30-DEC-25
0	0.5	1478903444	30-DEC-25
0.02	0.55	1478903459	30-DEC-25
0.02	0.55	1478903488	30-DEC-25
0	0.3	1478903575	30-DEC-25
0.7	0	1478903594	30-DEC-25
0	0.5	1478903609	30-DEC-25
0	0.12	1478903659	30-DEC-25
0	0.11	1478903661	30-DEC-25
0.02	0.55	1478903721	30-DEC-25
0.02	0.55	1478903734	30-DEC-25
0.02	0.55	1478903809	30-DEC-25
0	0.12	1478903812	30-DEC-25
0.02	0.3	1478903909	30-DEC-25
0	0.5	1478903925	30-DEC-25
0.02	0.55	1478903984	30-DEC-25
8	0	1478904024	30-DEC-25
0.02	0.55	1478904087	30-DEC-25
0	0.12	1478904107	30-DEC-25
0.02	0.55	1478904161	30-DEC-25
0.02	0.55	1478904212	30-DEC-25
0.5	0	1478904257	30-DEC-25
0	0.12	1478904271	30-DEC-25
0.7	0	1478904341	30-DEC-25
0.3	0	1478904359	30-DEC-25
0.02	0.55	1478904363	30-DEC-25
0	0.8	1478904405	30-DEC-25
0	3	1478904521	30-DEC-25
0	0.5	1478904525	30-DEC-25
0.2	0	1478904533	30-DEC-25
0	0.5	1478904597	30-DEC-25
0	0.5	1478904608	30-DEC-25
0	0.5	1478904689	30-DEC-25
0	0.5	1478904750	30-DEC-25
0.12	0	1478904796	30-DEC-25
0	0.5	1478904821	30-DEC-25
0.02	0.55	1478904850	30-DEC-25
0	0.25	1478904861	30-DEC-25
0	0.5	1478904903	30-DEC-25
0.01	0	1478905022	30-DEC-25
0	2	1478905057	30-DEC-25
0	0.5	1478905245	30-DEC-25
0	0.4	1478905288	30-DEC-25
0	7	1478905291	30-DEC-25
0	0.5	1478905324	30-DEC-25
0	0.5	1478905329	30-DEC-25
0	0.5	1478905415	30-DEC-25
0.02	0.55	1478905418	30-DEC-25
1.2	0	1478905503	30-DEC-25
0.02	0.55	1478905545	30-DEC-25
0	0.5	1478905552	30-DEC-25
0	0.5	1478905602	30-DEC-25
0.02	0.55	1478905615	30-DEC-25
0.02	0.55	1478905846	30-DEC-25
30	0	1478905921	30-DEC-25
0	0.5	1478906012	30-DEC-25
0.02	0.55	1478906076	30-DEC-25
0	0.5	1478906256	30-DEC-25
1.5	0	1478906345	30-DEC-25
0.02	0.55	1478906468	30-DEC-25
0	0.4	1478906480	30-DEC-25
0.1	0	1478906489	30-DEC-25
0	0.5	1478906584	30-DEC-25
0	0.5	1478906661	30-DEC-25
0	5.5	1478906706	30-DEC-25
0	0.5	1478906773	30-DEC-25
0	0.5	1478906838	30-DEC-25
0	0.5	1478906913	30-DEC-25
0	0.25	1478906949	30-DEC-25
0	0.25	1478906993	30-DEC-25
0.02	0.55	1478907050	30-DEC-25
0.02	0.55	1478907071	30-DEC-25
0	0.5	1478907072	30-DEC-25
0	0.5	1478907262	30-DEC-25
0	0.5	1478907295	30-DEC-25
0.25	0	1478907419	30-DEC-25
0	0.5	1478907505	30-DEC-25
0.9	0	1478907651	30-DEC-25
0	0.5	1478907703	30-DEC-25
0.02	0.55	1478907856	30-DEC-25
0.02	0.45	1478907867	30-DEC-25
0	0.1	1478907939	30-DEC-25
1	0	1478908086	30-DEC-25
0	0.5	1478908238	30-DEC-25
0.02	0.55	1478908258	30-DEC-25
0.02	1.05	1478908279	30-DEC-25
0	0.25	1478908315	30-DEC-25
0	0.5	1478908375	30-DEC-25
0.02	0.55	1478908491	30-DEC-25
0.02	0.55	1478908547	30-DEC-25
0	0.25	1478908598	30-DEC-25
1	0	1478908673	30-DEC-25
0	0.5	1478908681	30-DEC-25
0	0.5	1478908787	30-DEC-25
0	0.25	1478908867	30-DEC-25
0.02	0.55	1478908898	30-DEC-25
0	0.5	1478908930	30-DEC-25
0.02	0.55	1478908987	30-DEC-25
0	0.25	1478909319	30-DEC-25
0.02	0.55	1478909336	30-DEC-25
0.1	0	1478909459	30-DEC-25
0	0.25	1478909463	30-DEC-25
0.5	0	1478909502	30-DEC-25
0	0.5	1478909580	30-DEC-25
0	0.25	1478909686	30-DEC-25
0.3	0	1478909845	30-DEC-25
0	0.5	1478909991	30-DEC-25
0	0.7	1478910025	30-DEC-25
0.02	1.05	1478910057	30-DEC-25
0.02	1.05	1478910068	30-DEC-25
0	1	1478910086	30-DEC-25
0	0.5	1478910088	30-DEC-25
0	0.5	1478910100	30-DEC-25
0	0.5	1478910127	30-DEC-25
0	0.5	1478910208	30-DEC-25
0.6	0	1478910250	30-DEC-25
0	0.5	1478910350	30-DEC-25
0	0.5	1478910467	30-DEC-25
1	0	1478910508	30-DEC-25
0	0.5	1478910531	30-DEC-25
0	0.5	1478910591	30-DEC-25
0.02	0.55	1478910736	30-DEC-25
0	0.3	1478910841	30-DEC-25
0	0.5	1478910849	30-DEC-25
0	0.5	1478910883	30-DEC-25
0.2	0	1478910892	30-DEC-25
0	0.12	1478910893	30-DEC-25
0.1	0	1478910898	30-DEC-25
0	12	1478911212	30-DEC-25
0	0.5	1478911241	30-DEC-25
0.02	0.55	1478911341	30-DEC-25
0	0.5	1478911479	30-DEC-25
0.7	0	1478911565	30-DEC-25
0.02	0.55	1478911632	30-DEC-25
0	0.5	1478911729	30-DEC-25
0.02	5.1	1478911757	30-DEC-25
0.02	0.55	1478911820	30-DEC-25
0	0.25	1478912043	30-DEC-25
0	0.5	1478912095	30-DEC-25
0.4	0	1478912231	30-DEC-25
0.02	0.55	1478912271	30-DEC-25
0	0.5	1478912281	30-DEC-25
0.05	0	1478912297	30-DEC-25
0	0.12	1478912375	30-DEC-25
0.02	0.55	1478912376	30-DEC-25
0.02	0.55	1478912454	30-DEC-25
0	0.5	1478912492	30-DEC-25
0	0.12	1478912567	30-DEC-25
3	0	1478912575	30-DEC-25
0	0.12	1478912650	30-DEC-25
0.02	0.55	1478912662	30-DEC-25
0	0.1	1478912729	30-DEC-25
0	0.5	1478912735	30-DEC-25
0	0.12	1478912736	30-DEC-25
0	0.5	1478912744	30-DEC-25
0.5	0	1478912759	30-DEC-25
0.5	0	1478912827	30-DEC-25
0	0.25	1478912838	30-DEC-25
0	0.12	1478913022	30-DEC-25
0.02	0.55	1478913054	30-DEC-25
0.6	0	1478913089	30-DEC-25
0	0.5	1478913177	30-DEC-25
0	0.2	1478913303	30-DEC-25
0.02	0.55	1478913361	30-DEC-25
0	0.5	1478913403	30-DEC-25
0	0.5	1478913413	30-DEC-25
0	0.12	1478913433	30-DEC-25
0	0.25	1478913495	30-DEC-25
0.02	0.55	1478913664	30-DEC-25
1.6	0	1478913680	30-DEC-25
0	0.5	1478913835	30-DEC-25
0	0.25	1478913873	30-DEC-25
0	0.5	1478913987	30-DEC-25
0.02	0.55	1478914051	30-DEC-25
0.02	3.55	1478914149	30-DEC-25
0.02	0.55	1478914216	30-DEC-25
0	0.25	1478914316	30-DEC-25
0	0.5	1478914373	30-DEC-25
0.02	0.55	1478914380	30-DEC-25
0	0.5	1478914426	30-DEC-25
1	0	1478914444	30-DEC-25
0.02	0.55	1478914450	30-DEC-25
3.5	0	1478914485	30-DEC-25
0	0.5	1478914563	30-DEC-25
0	0.5	1478914570	30-DEC-25
0.02	0.55	1478914571	30-DEC-25
0	0.5	1478914599	30-DEC-25
0.02	0.55	1478914610	30-DEC-25
0	0.1	1478914756	30-DEC-25
0	0.12	1478914792	30-DEC-25
0.02	1.05	1478914793	30-DEC-25
0.02	0.3	1478914934	30-DEC-25
0	0.25	1478915052	30-DEC-25
0	0.5	1478915111	30-DEC-25
0.1	0	1478915133	30-DEC-25
0	0.5	1478915145	30-DEC-25
0	0.5	1478915192	30-DEC-25
0	0.5	1478915235	30-DEC-25
0	0.5	1478915274	30-DEC-25
0.4	0	1478915345	30-DEC-25
0	0.5	1478915382	30-DEC-25
0	0.12	1478915396	30-DEC-25
0	0.3	1478915435	30-DEC-25
0.31	0	1478915563	30-DEC-25
0	0.25	1478915598	30-DEC-25
0	0.25	1478915688	30-DEC-25
0	0.5	1478915790	30-DEC-25
0	0.5	1478915883	30-DEC-25
0.02	0.55	1478915910	30-DEC-25
0	0.5	1478916033	30-DEC-25
0	0.5	1478916249	30-DEC-25
0	0.5	1478916258	30-DEC-25
0	0.5	1478916326	30-DEC-25
0	0.5	1478916363	30-DEC-25
0	0.25	1478916427	30-DEC-25
0	0.5	1478916562	30-DEC-25
0	0.5	1478916601	30-DEC-25
0	0.12	1478916701	30-DEC-25
0.02	0.55	1478917057	30-DEC-25
0	0.2	1478917096	30-DEC-25
0	0.5	1478917107	30-DEC-25
0	0.5	1478917172	30-DEC-25
0	0.5	1478917190	30-DEC-25
0	0.5	1478917233	30-DEC-25
0.02	0.55	1478917321	30-DEC-25
0.02	0.55	1478917364	30-DEC-25
0.02	0.55	1478917524	30-DEC-25
0	0.5	1478917544	30-DEC-25
0.02	1.05	1478917734	30-DEC-25
0	0.5	1478917834	30-DEC-25
0	0.9	1478917848	30-DEC-25
0.02	0.3	1478917878	30-DEC-25
0.1	0	1478917892	30-DEC-25
0.5	0	1478917896	30-DEC-25
0.27	0	1478917904	30-DEC-25
0	0.5	1478917991	30-DEC-25
0	0.5	1478918033	30-DEC-25
0	0.5	1478918067	30-DEC-25
0	0.5	1478918169	30-DEC-25
0	0.5	1478918284	30-DEC-25
0	1	1478918297	30-DEC-25
0	0.5	1478918357	30-DEC-25
0	0.5	1478918405	30-DEC-25
0.02	0.55	1478918453	30-DEC-25
0	0.12	1478918499	30-DEC-25
0	0.1	1478918541	30-DEC-25
0	0.25	1478918559	30-DEC-25
0	0.25	1478918754	30-DEC-25
0	0.5	1478918765	30-DEC-25
0.1	0	1478918791	30-DEC-25
0	0.5	1478919088	30-DEC-25
0.3	0	1478919131	30-DEC-25
0	0.12	1478919224	30-DEC-25
0	0.5	1478919227	30-DEC-25
0	0.25	1478919228	30-DEC-25
0	0.5	1478919342	30-DEC-25
0	2	1478919514	30-DEC-25
0	0.5	1478919600	30-DEC-25
0.02	0.55	1478919724	30-DEC-25
0	0.5	1478919735	30-DEC-25
0	0.5	1478919825	30-DEC-25
0.02	0.55	1478919830	30-DEC-25
0	0.25	1478919832	30-DEC-25
0.3	0	1478919849	30-DEC-25
0	0.5	1478919914	30-DEC-25
0.02	0.55	1478920028	30-DEC-25
0	0.12	1478920105	30-DEC-25
0	0.18	1478920149	30-DEC-25
0	0.25	1478920262	30-DEC-25
0.02	0.55	1478920333	30-DEC-25
0	0.12	1478920365	30-DEC-25
0	0.5	1478920385	30-DEC-25
0	0.5	1478920515	30-DEC-25
0	0.5	1478920618	30-DEC-25
0	1	1478920651	30-DEC-25
0	0.5	1478920706	30-DEC-25
0	13	1478920732	30-DEC-25
0	0.5	1478920832	30-DEC-25
0	0.5	1478920939	30-DEC-25
0.5	0	1478920978	30-DEC-25
0	0.12	1478920982	30-DEC-25
0.12	0	1478920985	30-DEC-25
0.02	0.3	1478921037	30-DEC-25
0	0.5	1478921083	30-DEC-25
0	0.5	1478921088	30-DEC-25
0	2	1478921307	30-DEC-25
0	0.5	1478921316	30-DEC-25
0	0.25	1478921345	30-DEC-25
0	0.5	1478921566	30-DEC-25
0.02	1.05	1478921630	30-DEC-25
0.02	0.55	1478921669	30-DEC-25
0.02	0.55	1478921792	30-DEC-25
0	0.5	1478921932	30-DEC-25
0.5	0	1478922040	30-DEC-25
0.02	0.55	1478922119	30-DEC-25
0.4	0	1478922209	30-DEC-25
0.02	0.55	1478922273	30-DEC-25
0.02	0.55	1478922276	30-DEC-25
0.02	0.55	1478922342	30-DEC-25
0.02	0.55	1478922353	30-DEC-25
0	0.5	1478922449	30-DEC-25
0.02	0.55	1478922475	30-DEC-25
0.02	0.55	1478922477	30-DEC-25
0	0.5	1478922508	30-DEC-25
0	0.5	1478922549	30-DEC-25
0	0.5	1478922584	30-DEC-25
0	0.5	1478922708	30-DEC-25
0	0.5	1478922832	30-DEC-25
0.02	0.55	1478922854	30-DEC-25
0	0.5	1478922861	30-DEC-25
1	0	1478922864	30-DEC-25
0	0.5	1478923053	30-DEC-25
0	0.5	1478923147	30-DEC-25
0	0.3	1478923247	30-DEC-25
0.1	0	1478923267	30-DEC-25
0.02	1.05	1478923278	30-DEC-25
1	0	1478923310	30-DEC-25
0.02	0.55	1478923435	30-DEC-25
0	1.7	1478923482	30-DEC-25
0.5	0	1478923483	30-DEC-25
0.02	0.55	1478923520	30-DEC-25
0.02	0.55	1478923580	30-DEC-25
0	0.2	1478923745	30-DEC-25
1.7	0	1478923752	30-DEC-25
0.02	0.55	1478923787	30-DEC-25
0	0.25	1478923796	30-DEC-25
0	0.25	1478923807	30-DEC-25
0	0.5	1478923947	30-DEC-25
0	0.5	1478923983	30-DEC-25
0.02	0.55	1478924038	30-DEC-25
0.02	0.975	1478924053	30-DEC-25
1	0	1478924064	30-DEC-25
14	0	1478924075	30-DEC-25
0.02	0.55	1478924147	30-DEC-25
0.02	0.25	1478924206	30-DEC-25
0	1	1478924259	30-DEC-25
4.2	0	1478924434	30-DEC-25
0	0.5	1478924435	30-DEC-25
0	0.5	1478924547	30-DEC-25
0	0.25	1478924756	30-DEC-25
0.02	0.525	1478924811	30-DEC-25
0	0.5	1478924860	30-DEC-25
0	0.5	1478924861	30-DEC-25
0	0.5	1478924922	30-DEC-25
0.02	0.65	1478924933	30-DEC-25
0	0.12	1478924970	30-DEC-25
0	0.5	1478924975	30-DEC-25
0	0.5	1478925067	30-DEC-25
1	0	1478925125	30-DEC-25
0.6	0	1478925160	30-DEC-25
0.02	0.55	1478925172	30-DEC-25
0	0.5	1478925379	30-DEC-25
0	0.75	1478925401	30-DEC-25
0	0.23	1478925689	30-DEC-25
0.02	0.55	1478925815	30-DEC-25
0	0.12	1478925899	30-DEC-25
0.02	0.55	1478925945	30-DEC-25
0.02	0.55	1478925951	30-DEC-25
0	10	1478926128	30-DEC-25
0	0.5	1478926141	30-DEC-25
0	0.5	1478926202	30-DEC-25
0.02	0.55	1478926266	30-DEC-25
0	1	1478926383	30-DEC-25
0.02	1.025	1478926476	30-DEC-25
0	0.5	1478926511	30-DEC-25
0	0.5	1478926558	30-DEC-25
0	0.5	1478926572	30-DEC-25
0	0.13	1478926585	30-DEC-25
0.3	0	1478926675	30-DEC-25
0	0.5	1478926735	30-DEC-25
0	0.5	1478926739	30-DEC-25
0.02	0.55	1478926788	30-DEC-25
0	0.12	1478926804	30-DEC-25
0.02	0.55	1478926823	30-DEC-25
0.02	0.55	1478926860	30-DEC-25
0.02	0.55	1478926889	30-DEC-25
0	0.5	1478926929	30-DEC-25
0.05	0	1478926942	30-DEC-25
0	0.5	1478927043	30-DEC-25
0	0.5	1478927118	30-DEC-25
0	0.25	1478927122	30-DEC-25
0	0.5	1478927149	30-DEC-25
0	0.12	1478927156	30-DEC-25
0	0.5	1478927212	30-DEC-25
0	0.5	1478927295	30-DEC-25
0	1	1478927477	30-DEC-25
0	0.8	1478927589	30-DEC-25
0.02	0.55	1478927707	30-DEC-25
0	0.5	1478927835	30-DEC-25
0.1	0	1478928011	30-DEC-25
0.1	0	1478928025	30-DEC-25
0.02	0.55	1478928044	30-DEC-25
0	0.5	1478928119	30-DEC-25
0.12	0	1478928135	30-DEC-25
0.5	0	1478928185	30-DEC-25
0	2	1478928273	30-DEC-25
0	0.5	1478928279	30-DEC-25
0.02	0.55	1478928339	30-DEC-25
0.02	0.55	1478928429	30-DEC-25
0	0.5	1478928478	30-DEC-25
0.02	0.55	1478928499	30-DEC-25
0	0.5	1478928538	30-DEC-25
0	0.5	1478928576	30-DEC-25
0	0.5	1478928581	30-DEC-25
0	0.5	1478928649	30-DEC-25
0	0.5	1478928669	30-DEC-25
0	0.5	1478928678	30-DEC-25
0	0.5	1478928694	30-DEC-25
0	0.37	1478928748	30-DEC-25
0.9	0	1478928813	30-DEC-25
0.02	0.55	1478928896	30-DEC-25
0	12	1478928917	30-DEC-25
0	0.12	1478928949	30-DEC-25
0.02	0.55	1478928991	30-DEC-25
0	0.12	1478929024	30-DEC-25
0	0.1	1478929108	30-DEC-25
0.02	0.65	1478929206	30-DEC-25
0.02	0.55	1478929237	30-DEC-25
0	0.5	1478929345	30-DEC-25
0.8	0	1478929626	30-DEC-25
0.02	0.55	1478929657	30-DEC-25
0	0.5	1478929701	30-DEC-25
0.02	0.55	1478929726	30-DEC-25
0.45	0	1478929730	30-DEC-25
0	0.5	1478929772	30-DEC-25
0.02	0.55	1478929803	30-DEC-25
0.02	0.25	1478929849	30-DEC-25
0	0.5	1478929889	30-DEC-25
0.3	0	1478929910	30-DEC-25
0.02	0.55	1478929927	30-DEC-25
0	0.5	1478930004	30-DEC-25
0.02	0.55	1478930060	30-DEC-25
0	0.5	1478930084	30-DEC-25
0.3	0	1478930100	30-DEC-25
0	0.5	1478930128	30-DEC-25
0	0.5	1478930142	30-DEC-25
0.02	0.55	1478930223	30-DEC-25
0	0.5	1478930356	30-DEC-25
0.02	0.55	1478930398	30-DEC-25
0	0.5	1478930411	30-DEC-25
0	0.5	1478930529	30-DEC-25
0.02	0.55	1478930539	30-DEC-25
0.3	0	1478930601	30-DEC-25
0	0.25	1478930630	30-DEC-25
0	0.5	1478930636	30-DEC-25
0	0.5	1478930663	30-DEC-25
0.1	0	1478931001	30-DEC-25
0.02	1.2	1478931004	30-DEC-25
0	0.5	1478931082	30-DEC-25
0	0.25	1478931115	30-DEC-25
0.02	0.55	1478931117	30-DEC-25
0	0.5	1478931179	30-DEC-25
0.02	0.55	1478931219	30-DEC-25
1.5	0	1478931258	30-DEC-25
0	0.5	1478931282	30-DEC-25
0	0.5	1478931593	30-DEC-25
0.02	0.55	1478931619	30-DEC-25
0.15	0	1478931679	30-DEC-25
0	0.5	1478931686	30-DEC-25
0	0.5	1478931735	30-DEC-25
0	0.5	1478931739	30-DEC-25
0	0.1	1478931773	30-DEC-25
0.02	0.55	1478931821	30-DEC-25
0.02	0.55	1478931882	30-DEC-25
0.2	0	1478932022	30-DEC-25
0.02	0.55	1478932027	30-DEC-25
0.02	0.55	1478932051	30-DEC-25
0	0.5	1478932134	30-DEC-25
0.02	0.55	1478932146	30-DEC-25
0.15	0	1478932232	30-DEC-25
0.02	0.55	1478932248	30-DEC-25
0	0.5	1478932371	30-DEC-25
0.02	0.55	1478932391	30-DEC-25
0	0.5	1478932396	30-DEC-25
0.02	0.55	1478932425	30-DEC-25
0.02	0.55	1478932722	30-DEC-25
0	1	1478932797	30-DEC-25
0.02	0.55	1478932852	30-DEC-25
0	0.5	1478932961	30-DEC-25
0	1	1478932964	30-DEC-25
0	0.5	1478933060	30-DEC-25
0	0.5	1478933185	30-DEC-25
0.02	0.25	1478933230	30-DEC-25
0	0.5	1478933285	30-DEC-25
0	0.5	1478933337	30-DEC-25
0	0.5	1478933339	30-DEC-25
0	0.5	1478933343	30-DEC-25
0	0.5	1478933415	30-DEC-25
0	0.25	1478933424	30-DEC-25
0.02	0.55	1478933487	30-DEC-25
0	0.5	1478933535	30-DEC-25
0.02	0.55	1478933607	30-DEC-25
0	0.5	1478933617	30-DEC-25
0	0.5	1478933620	30-DEC-25
0.02	0.55	1478933647	30-DEC-25
0	0.5	1478933650	30-DEC-25
0	0.5	1478933685	30-DEC-25
0	0.5	1478933690	30-DEC-25
0	0.5	1478933814	30-DEC-25
0	0.5	1478933881	30-DEC-25
0	0.5	1478933885	30-DEC-25
0.02	0.55	1478933951	30-DEC-25
0.02	11.125	1478933992	30-DEC-25
0.02	0.95	1478934123	30-DEC-25
0.02	0.55	1478934180	30-DEC-25
0	0.5	1478934195	30-DEC-25
0.2	0	1478934247	30-DEC-25
0	0.12	1478934279	30-DEC-25
0.02	0.55	1478934312	30-DEC-25
0.1	0	1478934374	30-DEC-25
0	0.5	1478934455	30-DEC-25
0	0.5	1478934503	30-DEC-25
0.02	0.55	1478934535	30-DEC-25
0	0.25	1478934597	30-DEC-25
0.85	0	1478934759	30-DEC-25
1	0	1478934878	30-DEC-25
0.02	0.55	1478934943	30-DEC-25
0	0.5	1478935045	30-DEC-25
0	0.5	1478935072	30-DEC-25
0	1	1478935080	30-DEC-25
3.5	0	1478935091	30-DEC-25
0	0.5	1478935120	30-DEC-25
0	0.5	1478935158	30-DEC-25
0	0.5	1478935199	30-DEC-25
0	0.5	1478935201	30-DEC-25
0	0.49	1478935311	30-DEC-25
0	0.5	1478935313	30-DEC-25
0	0.5	1478935402	30-DEC-25
0.02	0.55	1478935424	30-DEC-25
0	0.5	1478935450	30-DEC-25
0	0.5	1478935497	30-DEC-25
0	0.5	1478935506	30-DEC-25
0	0.12	1478935627	30-DEC-25
0	0.5	1478935678	30-DEC-25
0.1	0	1478935753	30-DEC-25
0.02	0.55	1478935901	30-DEC-25
0	0.5	1478935925	30-DEC-25
0	0.12	1478935947	30-DEC-25
0	0.5	1478935963	30-DEC-25
0.36	0	1478935981	30-DEC-25
0	0.5	1478935991	30-DEC-25
0.02	2.1	1478936062	30-DEC-25
0	0.5	1478936079	30-DEC-25
0.02	0.55	1478936080	30-DEC-25
0	0.5	1478936085	30-DEC-25
0.02	0.25	1478936105	30-DEC-25
5	0	1478936147	30-DEC-25
0	0.24	1478936199	30-DEC-25
0.02	0.3	1478936204	30-DEC-25
0	0.5	1478936248	30-DEC-25
0.02	0.55	1478936284	30-DEC-25
1	0	1478936335	30-DEC-25
0	0.6	1478936380	30-DEC-25
0	0.5	1478936464	30-DEC-25
0	0.25	1478936517	30-DEC-25
0.02	0.55	1478936587	30-DEC-25
0	0.1	1478936590	30-DEC-25
0	0.5	1478936621	30-DEC-25
0.02	0.55	1478936628	30-DEC-25
0	1.2	1478936690	30-DEC-25
0.02	0.55	1478936790	30-DEC-25
0	0.25	1478936807	30-DEC-25
0	0.5	1478936974	30-DEC-25
0	0.5	1478936986	30-DEC-25
0.02	0.55	1478937139	30-DEC-25
0	0.5	1478937148	30-DEC-25
0.02	0.55	1478937152	30-DEC-25
0	0.5	1478937183	30-DEC-25
0	0.5	1478937306	30-DEC-25
0	0.5	1478937478	30-DEC-25
0	0.5	1478937579	30-DEC-25
0	0.25	1478937645	30-DEC-25
0	0.25	1478937686	30-DEC-25
0	0.1	1478937707	30-DEC-25
0	0.5	1478937948	30-DEC-25
0	0.5	1478937961	30-DEC-25
0.02	0.55	1478937979	30-DEC-25
0.02	0.55	1478938008	30-DEC-25
0.02	0.55	1478938024	30-DEC-25
0	0.5	1478938038	30-DEC-25
0.02	0.55	1478938068	30-DEC-25
0	0.5	1478938120	30-DEC-25
1	0	1478938174	30-DEC-25
0.1	0	1478938322	30-DEC-25
0.02	0.55	1478938373	30-DEC-25
0	0.5	1478938407	30-DEC-25
0	0.5	1478938552	30-DEC-25
0	0.5	1478938553	30-DEC-25
0.02	0.55	1478938583	30-DEC-25
0	0.5	1478938599	30-DEC-25
0.02	0.55	1478938657	30-DEC-25
0	0.5	1478938747	30-DEC-25
0.02	0.55	1478938763	30-DEC-25
0.3	0	1478938832	30-DEC-25
0	0.5	1478938836	30-DEC-25
0	0.2	1478938865	30-DEC-25
0	0.5	1478938888	30-DEC-25
0	0.1	1478938943	30-DEC-25
0	0.12	1478938956	30-DEC-25
0	0.3	1478939181	30-DEC-25
0	0.5	1478939230	30-DEC-25
0	0.5	1478939276	30-DEC-25
0	0.12	1478939319	30-DEC-25
0	1	1478939334	30-DEC-25
0	0.25	1478939389	30-DEC-25
0	0.5	1478939436	30-DEC-25
0	0.12	1478939451	30-DEC-25
0	0.5	1478939480	30-DEC-25
0	0.25	1478939612	30-DEC-25
0	0.5	1478939618	30-DEC-25
2	0	1478939681	30-DEC-25
0	0.5	1478939741	30-DEC-25
0	0.5	1478939784	30-DEC-25
0	0.5	1478939789	30-DEC-25
0	0.25	1478939792	30-DEC-25
0.45	0	1478939799	30-DEC-25
0.5	0	1478939811	30-DEC-25
0	0.5	1478939835	30-DEC-25
0.2	0	1478939840	30-DEC-25
0	0.5	1478939858	30-DEC-25
0	0.5	1478939935	30-DEC-25
0.02	0.3	1478940012	30-DEC-25
0	0.25	1478940039	30-DEC-25
0	0.5	1478940046	30-DEC-25
0	0.25	1478940149	30-DEC-25
0	0.25	1478940257	30-DEC-25
0.2	0	1478940263	30-DEC-25
0.02	0.55	1478940273	30-DEC-25
0	0.5	1478940286	30-DEC-25
0.02	0.55	1478940311	30-DEC-25
0	0.25	1478940407	30-DEC-25
0.12	0	1478940438	30-DEC-25
0.02	0.55	1478940546	30-DEC-25
0.1	0	1478940642	30-DEC-25
0	0.5	1478940670	30-DEC-25
0	0.5	1478940675	30-DEC-25
0.02	0.55	1478940710	30-DEC-25
0	0.5	1478940886	30-DEC-25
0	0.5	1478940904	30-DEC-25
0	0.12	1478940908	30-DEC-25
0	0.12	1478940912	30-DEC-25
0.2	0	1478940917	30-DEC-25
0	0.28	1478940988	30-DEC-25
0	0.5	1478940994	30-DEC-25
1.3	0	1478940999	30-DEC-25
0.5	0	1478941134	30-DEC-25
0.9	0	1478941139	30-DEC-25
0	0.5	1478941161	30-DEC-25
0	0.5	1478941223	30-DEC-25
0	0.13	1478941225	30-DEC-25
0.14	0	1478941343	30-DEC-25
0	0.1	1478941357	30-DEC-25
0	0.25	1478941383	30-DEC-25
0	0.5	1478941415	30-DEC-25
0.1	0	1478941420	30-DEC-25
0	0.5	1478941422	30-DEC-25
0.02	0.55	1478941478	30-DEC-25
0.02	0.55	1478941481	30-DEC-25
0	0.5	1478941484	30-DEC-25
0	0.5	1478941511	30-DEC-25
0	0.5	1478941629	30-DEC-25
0	0.25	1478941701	30-DEC-25
0	0.1	1478941711	30-DEC-25
0	0.5	1478941741	30-DEC-25
0	0.5	1478941746	30-DEC-25
0	0.5	1478941912	30-DEC-25
0.02	0.55	1478941913	30-DEC-25
0.02	0.55	1478941989	30-DEC-25
0	0.5	1478942013	30-DEC-25
0.02	0.55	1478942055	30-DEC-25
0	2	1478942126	30-DEC-25
0.02	0.55	1478942136	30-DEC-25
0.02	0.55	1478942351	30-DEC-25
0	5	1478942370	30-DEC-25
0	0.5	1478942393	30-DEC-25
0	0.5	1478942399	30-DEC-25
0.5	0	1478942514	30-DEC-25
0	0.5	1478942636	30-DEC-25
0	0.5	1478942684	30-DEC-25
0	0.5	1478942694	30-DEC-25
0.02	0.55	1478942741	30-DEC-25
0.02	0.55	1478942849	30-DEC-25
0	0.5	1478942860	30-DEC-25
0	0.5	1478942863	30-DEC-25
0.02	0.55	1478943005	30-DEC-25
0	0.5	1478943039	30-DEC-25
0	0.5	1478943162	30-DEC-25
0.3	0	1478943165	30-DEC-25
0	0.5	1478943337	30-DEC-25
0.02	0.3	1478943353	30-DEC-25
0	0.12	1478943426	30-DEC-25
0.02	0.55	1478943444	30-DEC-25
0	0.5	1478943536	30-DEC-25
0.02	0.55	1478943619	30-DEC-25
0.02	0.3	1478943801	30-DEC-25
0	0.5	1478943803	30-DEC-25
0	0.5	1478943804	30-DEC-25
0	0.25	1478943839	30-DEC-25
0	0.5	1478943941	30-DEC-25
0	0.5	1478943972	30-DEC-25
0.02	0.55	1478944015	30-DEC-25
0	0.5	1478944027	30-DEC-25
0	0.25	1478944031	30-DEC-25
0	0.5	1478944093	30-DEC-25
0	0.5	1478944129	30-DEC-25
0	0.3	1478944153	30-DEC-25
0.02	0.55	1478944240	30-DEC-25
0	0.2	1478944355	30-DEC-25
0	1	1478944415	30-DEC-25
0	0.5	1478944433	30-DEC-25
0	0.5	1478944445	30-DEC-25
0	0.5	1478944552	30-DEC-25
0.02	0.55	1478944588	30-DEC-25
0	0.5	1478944631	30-DEC-25
0	0.5	1478944713	30-DEC-25
0	0.5	1478944763	30-DEC-25
0.02	0.55	1478944829	30-DEC-25
0	0.5	1478944846	30-DEC-25
0	2	1478944962	30-DEC-25
0	0.5	1478945018	30-DEC-25
0	0.5	1478945119	30-DEC-25
0	0.12	1478945213	30-DEC-25
0	5	1478945238	30-DEC-25
0.02	0.55	1478945297	30-DEC-25
0	0.5	1478945333	30-DEC-25
1	0	1478945520	30-DEC-25
0.02	0.55	1478945628	30-DEC-25
0	0.6	1478945698	30-DEC-25
0.3	0	1478945737	30-DEC-25
0	0.5	1478945763	30-DEC-25
0	0.5	1478945809	30-DEC-25
0	0.6	1478945819	30-DEC-25
0	0.5	1478945841	30-DEC-25
0	0.5	1478945990	30-DEC-25
0	0.5	1478946044	30-DEC-25
0	0.5	1478946062	30-DEC-25
0	0.5	1478946256	30-DEC-25
0	0.5	1478946257	30-DEC-25
0	0.5	1478946304	30-DEC-25
0	3	1478946317	30-DEC-25
0.02	0.55	1478946335	30-DEC-25
0.02	0.55	1478946340	30-DEC-25
0	0.5	1478946348	30-DEC-25
0	0.25	1478946364	30-DEC-25
0	0.12	1478946366	30-DEC-25
0	0.5	1478946432	30-DEC-25
0	0.5	1478946469	30-DEC-25
0	0.5	1478946477	30-DEC-25
0	0.5	1478946522	30-DEC-25
0	0.8	1478946613	30-DEC-25
0.3	0	1478946681	30-DEC-25
0	0.5	1478946695	30-DEC-25
0.02	0.55	1478946722	30-DEC-25
0.01	0	1478946808	30-DEC-25
0.02	0.55	1478946856	30-DEC-25
3	0	1478946877	30-DEC-25
0.02	0.3	1478947006	30-DEC-25
0.02	0.55	1478947068	30-DEC-25
0.02	0.55	1478947074	30-DEC-25
0	0.5	1478947206	30-DEC-25
0	0.5	1478947208	30-DEC-25
0.02	0.55	1478947465	30-DEC-25
0	0.5	1478947469	30-DEC-25
0	4	1478947481	30-DEC-25
0	0.5	1478947485	30-DEC-25
1	0	1478947515	30-DEC-25
0	0.2	1478947578	30-DEC-25
0	0.5	1478947639	30-DEC-25
0	0.5	1478947649	30-DEC-25
0	0.13	1478947698	30-DEC-25
0	0.5	1478947715	30-DEC-25
0	2.1	1478947747	30-DEC-25
0.3	0	1478947793	30-DEC-25
0.02	0.525	1478947931	30-DEC-25
0.02	0.55	1478947964	30-DEC-25
0.02	0.55	1478948060	30-DEC-25
0	0.5	1478948149	30-DEC-25
0	0.5	1478948158	30-DEC-25
0.02	0.55	1478948183	30-DEC-25
0.3	0	1478948255	30-DEC-25
0	0.5	1478948258	30-DEC-25
0.02	0.16	1478948261	30-DEC-25
0	0.5	1478948344	30-DEC-25
0	0.5	1478948356	30-DEC-25
0	0.5	1478948516	30-DEC-25
0.5	0	1478948652	30-DEC-25
0.02	0.4	1478948658	30-DEC-25
0	0.5	1478948695	30-DEC-25
0	10	1478948779	30-DEC-25
0.1	0	1478948785	30-DEC-25
1.4	0	1478948835	30-DEC-25
0.2	0	1478948884	30-DEC-25
0	0.5	1478948903	30-DEC-25
0	0.25	1478948933	30-DEC-25
0.02	0.55	1478949005	30-DEC-25
0	0.5	1478949061	30-DEC-25
0.5	0	1478949096	30-DEC-25
0	0.5	1478949105	30-DEC-25
0	0.5	1478949172	30-DEC-25
0.02	0.55	1478949242	30-DEC-25
0	0.5	1478949246	30-DEC-25
0	0.5	1478949249	30-DEC-25
0	1	1478949258	30-DEC-25
0	0.2	1478949452	30-DEC-25
0.6	0	1478949470	30-DEC-25
0	0.5	1478949476	30-DEC-25
0.02	0.55	1478949482	30-DEC-25
0	0.12	1478949515	30-DEC-25
0	0.5	1478949586	30-DEC-25
0	0.5	1478949593	30-DEC-25
0.1	0	1478949650	30-DEC-25
0.02	0.55	1478949659	30-DEC-25
0	0.5	1478949756	30-DEC-25
0	0.25	1478949863	30-DEC-25
0	0.5	1478949872	30-DEC-25
0	0.5	1478949939	30-DEC-25
0	0.5	1478950036	30-DEC-25
0.25	0	1478950043	30-DEC-25
0	0.5	1478950054	30-DEC-25
0	0.25	1478950056	30-DEC-25
0	0.5	1478950073	30-DEC-25
0.02	0.275	1478950182	30-DEC-25
0.02	0.55	1478950269	30-DEC-25
0	0.5	1478950294	30-DEC-25
0	0.5	1478950360	30-DEC-25
0	0.5	1478950380	30-DEC-25
0	0.5	1478950393	30-DEC-25
0.8	0	1478950532	30-DEC-25
0	0.5	1478950543	30-DEC-25
0	0.5	1478950642	30-DEC-25
0	0.12	1478950670	30-DEC-25
0	0.5	1478950685	30-DEC-25
0	0.5	1478950729	30-DEC-25
0	0.12	1478950731	30-DEC-25
0	0.5	1478950791	30-DEC-25
0.3	0	1478950805	30-DEC-25
0	0.5	1478950886	30-DEC-25
0	0.5	1478951032	30-DEC-25
0	0.5	1478951074	30-DEC-25
1	0	1478951148	30-DEC-25
0	0.5	1478951160	30-DEC-25
0	0.25	1478951180	30-DEC-25
0	0.5	1478951194	30-DEC-25
0	0.5	1478951254	30-DEC-25
0	0.25	1478951261	30-DEC-25
0	0.5	1478951310	30-DEC-25
0	0.5	1478951313	30-DEC-25
0.02	0.55	1478951355	30-DEC-25
0	0.25	1478951484	30-DEC-25
0	0.5	1478951543	30-DEC-25
0	0.5	1478951855	30-DEC-25
0.02	0.55	1478951937	30-DEC-25
0.02	0.55	1478951959	30-DEC-25
0	0.25	1478951979	30-DEC-25
0	0.5	1478952004	30-DEC-25
0	0.12	1478952018	30-DEC-25
0	0.5	1478952305	30-DEC-25
0.3	0	1478952365	30-DEC-25
0	0.5	1478952389	30-DEC-25
0	0.5	1478952394	30-DEC-25
0	0.5	1478952395	30-DEC-25
0	0.5	1478952474	30-DEC-25
0	0.5	1478952526	30-DEC-25
0	0.25	1478952527	30-DEC-25
0	0.25	1478952542	30-DEC-25
0	0.5	1478952589	30-DEC-25
0	0.5	1478952619	30-DEC-25
0	0.25	1478952625	30-DEC-25
0	1.6	1478952722	30-DEC-25
0.02	1.05	1478952723	30-DEC-25
0	0.5	1478952802	30-DEC-25
0	0.12	1478952831	30-DEC-25
0	0.5	1478952928	30-DEC-25
0.02	0.55	1478952954	30-DEC-25
0	0.5	1478952985	30-DEC-25
0	0.25	1478953080	30-DEC-25
0.3	0	1478953088	30-DEC-25
0	0.5	1478953140	30-DEC-25
0	0.5	1478953154	30-DEC-25
0	0.5	1478953258	30-DEC-25
0.02	0.55	1478953378	30-DEC-25
0	0.5	1478953514	30-DEC-25
0	0.5	1478953532	30-DEC-25
0.3	0	1478953582	30-DEC-25
0	0.25	1478953649	30-DEC-25
0.02	0.55	1478953696	30-DEC-25
3	0	1478953743	30-DEC-25
0.02	0.55	1478953905	30-DEC-25
6.5	0	1478953999	30-DEC-25
0.1	0	1478954060	30-DEC-25
0	0.5	1478954133	30-DEC-25
0	0.12	1478954146	30-DEC-25
0.5	0	1478954147	30-DEC-25
5	0	1478954185	30-DEC-25
0	0.5	1478954255	30-DEC-25
0	0.4	1478954268	30-DEC-25
0	0.25	1478954308	30-DEC-25
0.16	0	1478954352	30-DEC-25
0	0.25	1478954503	30-DEC-25
0	0.5	1478954513	30-DEC-25
0.02	0.3	1478954553	30-DEC-25
0	0.5	1478954555	30-DEC-25
0	0.5	1478954578	30-DEC-25
0	0.12	1478954580	30-DEC-25
0.02	0.55	1478954600	30-DEC-25
0	0.12	1478954652	30-DEC-25
0	0.5	1478954660	30-DEC-25
0	0.25	1478954682	30-DEC-25
0	0.5	1478954697	30-DEC-25
0	0.25	1478954754	30-DEC-25
0.02	0.55	1478954763	30-DEC-25
0	0.5	1478954783	30-DEC-25
2	0	1478954978	30-DEC-25
0	0.5	1478955041	30-DEC-25
0	0.12	1478955137	30-DEC-25
0	1	1478955201	30-DEC-25
0.7	0	1478955312	30-DEC-25
0.03	0	1478955338	30-DEC-25
0	0.12	1478955361	30-DEC-25
0	0.12	1478955391	30-DEC-25
0	0.5	1478955443	30-DEC-25
0	0.5	1478955514	30-DEC-25
0	0.5	1478955590	30-DEC-25
0.3	0	1478955594	30-DEC-25
0	0.12	1478955622	30-DEC-25
0.3	0	1478955712	30-DEC-25
0.02	0.55	1478955766	30-DEC-25
0	0.5	1478955788	30-DEC-25
0	21	1478955816	30-DEC-25
0	0.25	1478955835	30-DEC-25
0	0.12	1478955838	30-DEC-25
0	0.5	1478955926	30-DEC-25
0.25	0	1478955928	30-DEC-25
0	0.5	1478956056	30-DEC-25
0.02	0.55	1478956060	30-DEC-25
0.3	0	1478956166	30-DEC-25
0	0.6	1478956238	30-DEC-25
6	0	1478956244	30-DEC-25
0.02	1.05	1478956258	30-DEC-25
0.02	0.55	1478956304	30-DEC-25
0	0.5	1478956355	30-DEC-25
0	0.5	1478956387	30-DEC-25
0	0.12	1478956422	30-DEC-25
0.7	0	1478956556	30-DEC-25
5	0	1478956582	30-DEC-25
0	0.5	1478956784	30-DEC-25
0	0.5	1478956801	30-DEC-25
0	0.5	1478956886	30-DEC-25
0	0.2	1478956944	30-DEC-25
0	0.25	1478957264	30-DEC-25
0.02	0.55	1478957334	30-DEC-25
1	0	1478957360	30-DEC-25
0	0.25	1478957400	30-DEC-25
0	0.5	1478957539	30-DEC-25
0.02	0.25	1478957651	30-DEC-25
0	0.5	1478957654	30-DEC-25
0.02	0.55	1478957665	30-DEC-25
0	0.5	1478957674	30-DEC-25
0	0.5	1478957817	30-DEC-25
0	1	1478957850	30-DEC-25
0.02	0.55	1478957878	30-DEC-25
0.02	1.05	1478957931	30-DEC-25
0	0.2	1478957962	30-DEC-25
15	0	1478958033	30-DEC-25
0	1	1478958064	30-DEC-25
0	0.5	1478958095	30-DEC-25
0.02	0.55	1478958106	30-DEC-25
0	0.5	1478958211	30-DEC-25
0.99	0	1478958255	30-DEC-25
0	0.5	1478958328	30-DEC-25
0	0.5	1478958376	30-DEC-25
0	0.5	1478958451	30-DEC-25
0	0.12	1478958547	30-DEC-25
2.5	0	1478958640	30-DEC-25
10	0	1478958653	30-DEC-25
0	0.5	1478958690	30-DEC-25
0	0.5	1478958718	30-DEC-25
0.02	0.17	1478958793	30-DEC-25
0.02	0.55	1478958806	30-DEC-25
0.02	0.55	1478958809	30-DEC-25
0	0.5	1478958901	30-DEC-25
0	0.5	1478958950	30-DEC-25
0	0.25	1478958970	30-DEC-25
0	0.5	1478958995	30-DEC-25
0	0.5	1478959007	30-DEC-25
0.02	0.55	1478959147	30-DEC-25
0	0.5	1478959174	30-DEC-25
0	0.12	1478959243	30-DEC-25
0	0.25	1478959248	30-DEC-25
0	0.25	1478959277	30-DEC-25
0	0.5	1478959294	30-DEC-25
0	0.5	1478959383	30-DEC-25
70	0	1478959438	30-DEC-25
0.6	0	1478959533	30-DEC-25
0	0.5	1478959537	30-DEC-25
0	0.25	1478959603	30-DEC-25
0	1.4	1478959661	30-DEC-25
0	0.5	1478959877	30-DEC-25
0	0.5	1478959917	30-DEC-25
0	0.5	1478959933	30-DEC-25
0	0.5	1478959934	30-DEC-25
0	0.5	1478959961	30-DEC-25